run_id,model,workflow,version,replicate,status,primary,R,P,F1,E,B,calls,known_output_tokens,missing_token_calls,unaccounted_infrastructure_attempts,report_path,report_sha256
1a87643398283251__deliberative__astra_medium__r001,astra_medium,deliberative,surprising,r001,completed,1,0.6666666666666666,0.9375,77.92207792207792,64.66666666666667,100.0,302,255400,0,2,/data1/ken/onc-co-scientist/data/expected_surprising_ledger/full_runs/20260910_clinical10pct_masked_workflows/runs/1a87643398283251__deliberative__astra_medium__r001/report.json,6e7a5f74e3145f74b91082a32fa4ab686d932aa40fe9640a2298d5a3b155002b
1a87643398283251__deliberative__astra_medium__r002,astra_medium,deliberative,surprising,r002,completed,1,0.6666666666666666,1.0,80.0,64.0,100.0,304,263341,0,1,/data1/ken/onc-co-scientist/data/expected_surprising_ledger/full_runs/20260910_clinical10pct_masked_workflows/runs/1a87643398283251__deliberative__astra_medium__r002/report.json,2ae3393e6bcd3727d4a31890c8c3e5e1c38855e86b8e2e06820eb771e5dce1d3
1a87643398283251__deliberative__astra_medium__r003,astra_medium,deliberative,surprising,r003,completed,1,0.6666666666666666,1.0,80.0,62.666666666666664,100.0,303,272796,0,1,/data1/ken/onc-co-scientist/data/expected_surprising_ledger/full_runs/20260910_clinical10pct_masked_workflows/runs/1a87643398283251__deliberative__astra_medium__r003/report.json,026cc8f61a9ac6b2a63eb5fd8624d3ef4dce585cc69c2310370bf93f6c38edf0
1a87643398283251__deliberative__astra_medium__r004,astra_medium,deliberative,surprising,r004,completed,1,0.6666666666666666,1.0,80.0,64.66666666666667,100.0,303,267425,0,1,/data1/ken/onc-co-scientist/data/expected_surprising_ledger/full_runs/20260910_clinical10pct_masked_workflows/runs/1a87643398283251__deliberative__astra_medium__r004/report.json,cd3a8aa7e42aae0ff12102c72b0bba7a185992a6e34b272960bd3ca9cbdd366d
1a87643398283251__deliberative__astra_medium__r005,astra_medium,deliberative,surprising,r005,completed,1,0.6666666666666666,1.0,80.0,64.0,88.88888888888887,304,259598,0,3,/data1/ken/onc-co-scientist/data/expected_surprising_ledger/full_runs/20260910_clinical10pct_masked_workflows/runs/1a87643398283251__deliberative__astra_medium__r005/report.json,1da82fea99119c3d35bac3ad6b321055e33c24302d92eac507dc4bd648fde760
1a87643398283251__deliberative__astra_medium__r006,astra_medium,deliberative,surprising,r006,completed,1,0.6666666666666666,0.8113207547169812,73.19148936170212,64.66666666666667,100.0,304,268903,0,2,/data1/ken/onc-co-scientist/data/expected_surprising_ledger/full_runs/20260910_clinical10pct_masked_workflows/runs/1a87643398283251__deliberative__astra_medium__r006/report.json,3e36023cc7186f183560cb0558c4107dbd4c9fc39d6f5227d06574b8490263c7
1a87643398283251__deliberative__luna_medium__r001,luna_medium,deliberative,surprising,r001,completed,1,0.3333333333333333,0.9504950495049505,49.35732647814909,33.333333333333336,83.33333333333333,307,219485,8,1,/data1/ken/onc-co-scientist/data/expected_surprising_ledger/full_runs/20260910_clinical10pct_masked_workflows/runs/1a87643398283251__deliberative__luna_medium__r001/report.json,1879d4b732360d8b01cd20139a8707cb9ecf84918b68fc5af58ba21a3504d1a0
1a87643398283251__deliberative__luna_medium__r002,luna_medium,deliberative,surprising,r002,failed,1,0.3333333333333333,0.6875,44.89795918367347,59.333333333333336,83.33333333333333,308,238601,0,1,/data1/ken/onc-co-scientist/data/expected_surprising_ledger/full_runs/20260910_clinical10pct_masked_workflows/runs/1a87643398283251__deliberative__luna_medium__r002/report.json,b8f83b3c3da00759c334be05fd6ba5b74b661c4cc379db718d10f8c36827e0c4
1a87643398283251__deliberative__luna_medium__r003,luna_medium,deliberative,surprising,r003,completed,1,0.6666666666666666,1.0,80.0,64.66666666666667,,302,228640,0,0,/data1/ken/onc-co-scientist/data/expected_surprising_ledger/full_runs/20260910_clinical10pct_masked_workflows/runs/1a87643398283251__deliberative__luna_medium__r003/report.json,10010189575964e20f5eec7fe293d850c4212c1cf578eff233d23baf2811cce0
1a87643398283251__deliberative__luna_medium__r004,luna_medium,deliberative,surprising,r004,completed,0,0.0,0.9104477611940298,0.0,33.333333333333336,77.77777777777779,306,233519,0,0,/data1/ken/onc-co-scientist/data/expected_surprising_ledger/full_runs/20260910_clinical10pct_masked_workflows/runs/1a87643398283251__deliberative__luna_medium__r004/report.json,f5e76072d778f53e9ee9a3265f97369af6e0e0af9d022a4a2e4cf6e6f6fbcb6d
1a87643398283251__deliberative__luna_medium__r005,luna_medium,deliberative,surprising,r005,completed,0,0.3333333333333333,0.7,45.16129032258064,50.0,83.33333333333333,304,230578,0,0,/data1/ken/onc-co-scientist/data/expected_surprising_ledger/full_runs/20260910_clinical10pct_masked_workflows/runs/1a87643398283251__deliberative__luna_medium__r005/report.json,0d8d861d6712730a6c36eceb6c4176d55ee000daed4ac30ad8bef596d54f16c3
1a87643398283251__deliberative__luna_medium__r006,luna_medium,deliberative,surprising,r006,completed,1,0.6666666666666666,1.0,80.0,57.333333333333336,100.0,303,217830,0,2,/data1/ken/onc-co-scientist/data/expected_surprising_ledger/full_runs/20260910_clinical10pct_masked_workflows/runs/1a87643398283251__deliberative__luna_medium__r006/report.json,f56f534006828d4c18b8432c8826510e0d52f5b956da92a6b6fb576796a4876d
1a87643398283251__deliberative__luna_medium__r007,luna_medium,deliberative,surprising,r007,completed,1,0.16666666666666666,1.0,28.571428571428566,50.0,,301,204715,0,2,/data1/ken/onc-co-scientist/data/expected_surprising_ledger/full_runs/20260910_clinical10pct_masked_workflows/runs/1a87643398283251__deliberative__luna_medium__r007/report.json,0e4935c05c122de8fe0fecf2a51ad1d83c71c345291a9a5e3cba38f09e8a8d94
1a87643398283251__deliberative__sol_medium__r001,sol_medium,deliberative,surprising,r001,completed,1,0.6666666666666666,0.9727272727272728,79.11275415896488,59.333333333333336,100.0,302,637958,0,1,/data1/ken/onc-co-scientist/data/expected_surprising_ledger/full_runs/20260910_clinical10pct_masked_workflows/runs/1a87643398283251__deliberative__sol_medium__r001/report.json,c1ffeace6b5510cdc8ef0b28d011266e4a3a5f2595c6a105b3b2ca9ff0a3d408
1a87643398283251__deliberative__sol_medium__r002,sol_medium,deliberative,surprising,r002,completed,1,0.6666666666666666,0.9629629629629629,78.78787878787878,60.666666666666664,100.0,300,490301,0,1,/data1/ken/onc-co-scientist/data/expected_surprising_ledger/full_runs/20260910_clinical10pct_masked_workflows/runs/1a87643398283251__deliberative__sol_medium__r002/report.json,a4d573c78b68036094eaddbfe8eda41ca5778be80d545eb66118abef4a47707c
1a87643398283251__deliberative__sol_medium__r003,sol_medium,deliberative,surprising,r003,completed,1,0.6666666666666666,0.927710843373494,77.58186397984886,62.666666666666664,83.33333333333333,304,558575,0,0,/data1/ken/onc-co-scientist/data/expected_surprising_ledger/full_runs/20260910_clinical10pct_masked_workflows/runs/1a87643398283251__deliberative__sol_medium__r003/report.json,21fee70a2e5a9a2fe1d3dacf6b081874d10a15a61d9443cee40d7420f0498fa8
1a87643398283251__deliberative__sol_medium__r004,sol_medium,deliberative,surprising,r004,completed,1,0.6666666666666666,1.0,80.0,62.666666666666664,100.0,300,524439,0,2,/data1/ken/onc-co-scientist/data/expected_surprising_ledger/full_runs/20260910_clinical10pct_masked_workflows/runs/1a87643398283251__deliberative__sol_medium__r004/report.json,c132870ed0edeb9e86f6ddac813feb1bbb8c855f926dea56268009c325cf675b
1a87643398283251__deliberative__sol_medium__r005,sol_medium,deliberative,surprising,r005,completed,1,0.6666666666666666,0.967741935483871,78.94736842105263,61.333333333333336,88.88888888888887,304,563892,0,2,/data1/ken/onc-co-scientist/data/expected_surprising_ledger/full_runs/20260910_clinical10pct_masked_workflows/runs/1a87643398283251__deliberative__sol_medium__r005/report.json,f73c3d0cda288cee255f3005540885a2e2ac68bcd8adc177dabb03d8444e229d
1a87643398283251__deliberative__terra_medium__r001,terra_medium,deliberative,surprising,r001,completed,1,0.6666666666666666,1.0,80.0,65.33333333333333,83.33333333333333,300,145811,0,2,/data1/ken/onc-co-scientist/data/expected_surprising_ledger/full_runs/20260910_clinical10pct_masked_workflows/runs/1a87643398283251__deliberative__terra_medium__r001/report.json,e361a99ce328bdb158744021d88d7f34081e5510593513cf50aa7d85b5fea293
1a87643398283251__deliberative__terra_medium__r002,terra_medium,deliberative,surprising,r002,completed,1,0.6666666666666666,1.0,80.0,64.0,100.0,300,153189,0,1,/data1/ken/onc-co-scientist/data/expected_surprising_ledger/full_runs/20260910_clinical10pct_masked_workflows/runs/1a87643398283251__deliberative__terra_medium__r002/report.json,bdd92d354380951dc7456b0e5f33e70cc560d7d0e5ac2f49566ac376557a99e9
1a87643398283251__deliberative__terra_medium__r003,terra_medium,deliberative,surprising,r003,completed,1,0.6666666666666666,0.64,65.3061224489796,62.0,80.0,300,175141,0,1,/data1/ken/onc-co-scientist/data/expected_surprising_ledger/full_runs/20260910_clinical10pct_masked_workflows/runs/1a87643398283251__deliberative__terra_medium__r003/report.json,3d46925b6cc9ec10785edb41c59dacfa80a1ff4747cd0d65d86a7b6e5fec76eb
1a87643398283251__deliberative__terra_medium__r004,terra_medium,deliberative,surprising,r004,completed,1,0.6666666666666666,1.0,80.0,65.33333333333333,100.0,301,174559,1,0,/data1/ken/onc-co-scientist/data/expected_surprising_ledger/full_runs/20260910_clinical10pct_masked_workflows/runs/1a87643398283251__deliberative__terra_medium__r004/report.json,5b4202beefea820b161c5d61a5271d093910e34ed5007214008b61d7550a1388
1a87643398283251__deliberative__terra_medium__r005,terra_medium,deliberative,surprising,r005,completed,1,0.6666666666666666,1.0,80.0,65.33333333333333,100.0,300,139791,0,0,/data1/ken/onc-co-scientist/data/expected_surprising_ledger/full_runs/20260910_clinical10pct_masked_workflows/runs/1a87643398283251__deliberative__terra_medium__r005/report.json,eec203d8c8757d72d2ac10f87fb65cfa4a70160a45f2ddded53fd6012108cf36
1a87643398283251__deliberative__terra_medium__r006,terra_medium,deliberative,surprising,r006,completed,1,0.6666666666666666,0.98,79.35222672064778,50.666666666666664,83.33333333333333,300,168479,0,3,/data1/ken/onc-co-scientist/data/expected_surprising_ledger/full_runs/20260910_clinical10pct_masked_workflows/runs/1a87643398283251__deliberative__terra_medium__r006/report.json,de8bee870a8b8691ef20f50f9f794bb5149250b8da3990cb2758ce3ec37697b9
1a87643398283251__deliberative__terra_medium__r007,terra_medium,deliberative,surprising,r007,completed,1,0.6666666666666666,1.0,80.0,58.666666666666664,100.0,300,163317,0,0,/data1/ken/onc-co-scientist/data/expected_surprising_ledger/full_runs/20260910_clinical10pct_masked_workflows/runs/1a87643398283251__deliberative__terra_medium__r007/report.json,55d449d9f839f72f0da8aee4c2f5a171af5448dccd35f7e15e73acd76989a831
1a87643398283251__deliberative__terra_medium__r008,terra_medium,deliberative,surprising,r008,completed,1,0.6666666666666666,1.0,80.0,50.0,100.0,300,154113,0,0,/data1/ken/onc-co-scientist/data/expected_surprising_ledger/full_runs/20260910_clinical10pct_masked_workflows/runs/1a87643398283251__deliberative__terra_medium__r008/report.json,1d3b79e36938345856bc9f57a40dd0d36c4e717ca8ca7adf609a14ce9e7c7a0e
1a87643398283251__persistent__astra_medium__r001,astra_medium,persistent,surprising,r001,completed,1,0.8333333333333334,0.9814814814814815,90.13605442176872,66.0,95.23809523809524,105,93326,0,0,/data1/ken/onc-co-scientist/data/expected_surprising_ledger/full_runs/20260910_clinical10pct_masked_workflows/runs/1a87643398283251__persistent__astra_medium__r001/report.json,6e1df309317d58614626e5a16beac699f36ea2c8ccc11704ce5895b360f4e3fa
1a87643398283251__persistent__astra_medium__r002,astra_medium,persistent,surprising,r002,completed,1,0.6666666666666666,0.8392857142857143,74.30830039525691,64.0,100.0,104,86954,0,2,/data1/ken/onc-co-scientist/data/expected_surprising_ledger/full_runs/20260910_clinical10pct_masked_workflows/runs/1a87643398283251__persistent__astra_medium__r002/report.json,bff34f5c7d1b273c577c3f5895486300ae5ece66364d8156b446ef216481f399
1a87643398283251__persistent__astra_medium__r003,astra_medium,persistent,surprising,r003,completed,1,0.6666666666666666,1.0,80.0,64.66666666666667,100.0,103,82609,0,0,/data1/ken/onc-co-scientist/data/expected_surprising_ledger/full_runs/20260910_clinical10pct_masked_workflows/runs/1a87643398283251__persistent__astra_medium__r003/report.json,7f821fe185c45512acfcf44c3a019fa738b9ce22eb6283ac5236135b082c4954
1a87643398283251__persistent__astra_medium__r004,astra_medium,persistent,surprising,r004,completed,1,0.6666666666666666,1.0,80.0,64.0,100.0,102,89120,0,0,/data1/ken/onc-co-scientist/data/expected_surprising_ledger/full_runs/20260910_clinical10pct_masked_workflows/runs/1a87643398283251__persistent__astra_medium__r004/report.json,595f38d188e698abcad0cbd47023b3acc3ddc6f7ad3e45b5115cf91955be8eb6
1a87643398283251__persistent__astra_medium__r005,astra_medium,persistent,surprising,r005,completed,1,0.6666666666666666,0.9827586206896551,79.44250871080139,64.0,91.66666666666667,103,88373,0,0,/data1/ken/onc-co-scientist/data/expected_surprising_ledger/full_runs/20260910_clinical10pct_masked_workflows/runs/1a87643398283251__persistent__astra_medium__r005/report.json,62a0a48e833a03eb7149f8773841b26c0a00cf2ecc51a9b4df84c83cefe6c6b7
1a87643398283251__persistent__astra_medium__r006,astra_medium,persistent,surprising,r006,completed,1,0.6666666666666666,1.0,80.0,64.66666666666667,100.0,103,85904,0,2,/data1/ken/onc-co-scientist/data/expected_surprising_ledger/full_runs/20260910_clinical10pct_masked_workflows/runs/1a87643398283251__persistent__astra_medium__r006/report.json,245e8bcbe54e01148be7b8dba6bd314394da33510ba82e658c4bce2ccb8e1cfb
1a87643398283251__persistent__astra_medium__r007,astra_medium,persistent,surprising,r007,completed,1,0.6666666666666666,0.9,76.59574468085106,64.0,83.33333333333333,102,85936,0,2,/data1/ken/onc-co-scientist/data/expected_surprising_ledger/full_runs/20260910_clinical10pct_masked_workflows/runs/1a87643398283251__persistent__astra_medium__r007/report.json,f14049d22887c1ca75a79be02ac1ccefabd3b6c13dd17412425d08558ebb0a3e
1a87643398283251__persistent__astra_medium__r008,astra_medium,persistent,surprising,r008,completed,1,0.6666666666666666,0.8888888888888888,76.19047619047618,64.66666666666667,94.44444444444446,106,86023,0,0,/data1/ken/onc-co-scientist/data/expected_surprising_ledger/full_runs/20260910_clinical10pct_masked_workflows/runs/1a87643398283251__persistent__astra_medium__r008/report.json,a37d941f6545da4a557c8a7768a351f0295754440381799f34213edbbe2e9150
1a87643398283251__persistent__luna_medium__r001,luna_medium,persistent,surprising,r001,completed,1,0.5,0.7291666666666666,59.32203389830509,60.0,83.33333333333333,112,71245,11,0,/data1/ken/onc-co-scientist/data/expected_surprising_ledger/full_runs/20260910_clinical10pct_masked_workflows/runs/1a87643398283251__persistent__luna_medium__r001/report.json,4a4fc815808f04f41b212e772ea4051b49c5329740b540add639a3328e62e16d
1a87643398283251__persistent__luna_medium__r002,luna_medium,persistent,surprising,r002,completed,0,0.5,0.7358490566037735,59.541984732824424,64.66666666666667,,101,71536,0,0,/data1/ken/onc-co-scientist/data/expected_surprising_ledger/full_runs/20260910_clinical10pct_masked_workflows/runs/1a87643398283251__persistent__luna_medium__r002/report.json,b030b45194337a9635acfacd39991c23c8e22125a27349f824fb5029a26da61e
1a87643398283251__persistent__luna_medium__r003,luna_medium,persistent,surprising,r003,completed,1,0.5,0.6333333333333333,55.88235294117647,44.0,,100,68104,0,0,/data1/ken/onc-co-scientist/data/expected_surprising_ledger/full_runs/20260910_clinical10pct_masked_workflows/runs/1a87643398283251__persistent__luna_medium__r003/report.json,f9b96cd686c7ab6696e930b2f623a67f4cd7d5a0d41e123fce0696ca07ff0636
1a87643398283251__persistent__luna_medium__r004,luna_medium,persistent,surprising,r004,failed,1,0.6666666666666666,1.0,80.0,60.0,100.0,103,69877,0,0,/data1/ken/onc-co-scientist/data/expected_surprising_ledger/full_runs/20260910_clinical10pct_masked_workflows/runs/1a87643398283251__persistent__luna_medium__r004/report.json,06d7b79e960e1544370836d91adf0e659cfded21c380c8cbda3f6301b50dc702
1a87643398283251__persistent__luna_medium__r005,luna_medium,persistent,surprising,r005,completed,1,0.5,1.0,66.66666666666667,43.333333333333336,100.0,101,72119,0,0,/data1/ken/onc-co-scientist/data/expected_surprising_ledger/full_runs/20260910_clinical10pct_masked_workflows/runs/1a87643398283251__persistent__luna_medium__r005/report.json,95762cdbb7999010a77fdd96f374b600a1b71d08fc98a5099ddc791940e2ec5e
1a87643398283251__persistent__luna_medium__r006,luna_medium,persistent,surprising,r006,completed,1,0.6666666666666666,1.0,80.0,60.666666666666664,100.0,102,77565,0,0,/data1/ken/onc-co-scientist/data/expected_surprising_ledger/full_runs/20260910_clinical10pct_masked_workflows/runs/1a87643398283251__persistent__luna_medium__r006/report.json,ea62fc92ee193fa2a765619d440d703961278e5dc515abdecf02860f29ece29c
1a87643398283251__persistent__luna_medium__r007,luna_medium,persistent,surprising,r007,completed,0,0.16666666666666666,0.9253731343283582,28.246013667425963,16.666666666666668,66.66666666666667,101,73917,0,2,/data1/ken/onc-co-scientist/data/expected_surprising_ledger/full_runs/20260910_clinical10pct_masked_workflows/runs/1a87643398283251__persistent__luna_medium__r007/report.json,c4983aaa4c0d98f41274460ba160e6ab1ceced56c5401a94617bd98a0f158a17
1a87643398283251__persistent__luna_medium__r008,luna_medium,persistent,surprising,r008,completed,0,0.16666666666666666,0.5,24.999999999999996,53.333333333333336,,104,76930,0,0,/data1/ken/onc-co-scientist/data/expected_surprising_ledger/full_runs/20260910_clinical10pct_masked_workflows/runs/1a87643398283251__persistent__luna_medium__r008/report.json,57ae43b35099e3d0badf9357f26c2a0f8c0589d84f900f16d4ed73f624883128
1a87643398283251__persistent__qwen_3_8_27b__r001,qwen_3_8_27b,persistent,surprising,r001,completed,1,0.6666666666666666,1.0,80.0,60.666666666666664,61.111111111111114,105,170419,0,0,/data1/ken/onc-co-scientist/data/expected_surprising_ledger/full_runs/20260910_masked_vllm_recommended/runs/1a87643398283251__persistent__qwen_3_8_27b__r001/report.json,f620332ba653e80f4a2ab2b018230abb9a9bc010d72b8d23e5262d3994662dd9
1a87643398283251__persistent__sol_medium__r001,sol_medium,persistent,surprising,r001,completed,1,0.6666666666666666,0.9461538461538461,78.21939586645468,64.66666666666667,75.0,105,183603,0,1,/data1/ken/onc-co-scientist/data/expected_surprising_ledger/full_runs/20260910_clinical10pct_masked_workflows/runs/1a87643398283251__persistent__sol_medium__r001/report.json,7c96c8beeb11b9ffbe1cee665c26ff5be0e63f9fe4d29dd197a151ab9df6798b
1a87643398283251__persistent__sol_medium__r002,sol_medium,persistent,surprising,r002,completed,1,0.6666666666666666,0.7290322580645161,69.64560862865947,61.333333333333336,66.66666666666667,104,173565,0,1,/data1/ken/onc-co-scientist/data/expected_surprising_ledger/full_runs/20260910_clinical10pct_masked_workflows/runs/1a87643398283251__persistent__sol_medium__r002/report.json,5473db20ddeac5798d2c0180643aab59d457a664c175e1034f0cceb615da0874
1a87643398283251__persistent__sol_medium__r003,sol_medium,persistent,surprising,r003,completed,1,0.6666666666666666,1.0,80.0,63.333333333333336,100.0,100,161309,0,0,/data1/ken/onc-co-scientist/data/expected_surprising_ledger/full_runs/20260910_clinical10pct_masked_workflows/runs/1a87643398283251__persistent__sol_medium__r003/report.json,40e4a54ffc642fee58335ef4b8d780c05108af00f52cd59c2b97de51f7c0525f
1a87643398283251__persistent__sol_medium__r004,sol_medium,persistent,surprising,r004,completed,1,0.6666666666666666,0.9603960396039604,78.70182555780931,62.666666666666664,100.0,100,162542,0,0,/data1/ken/onc-co-scientist/data/expected_surprising_ledger/full_runs/20260910_clinical10pct_masked_workflows/runs/1a87643398283251__persistent__sol_medium__r004/report.json,dee2eb00c1ef52057046c7740a224ba7ad06b21f80b1bc3d8cce9119d6f4316e
1a87643398283251__persistent__sol_medium__r005,sol_medium,persistent,surprising,r005,completed,1,0.6666666666666666,0.9739130434782609,79.15194346289752,62.666666666666664,83.33333333333333,102,169085,0,0,/data1/ken/onc-co-scientist/data/expected_surprising_ledger/full_runs/20260910_clinical10pct_masked_workflows/runs/1a87643398283251__persistent__sol_medium__r005/report.json,00b5e9940227f4f87a040d4cfeadb55f367385e08206bd655f36e7b863b4b2fb
1a87643398283251__persistent__sol_medium__r006,sol_medium,persistent,surprising,r006,completed,1,0.6666666666666666,0.8918918918918919,76.30057803468208,62.666666666666664,100.0,103,181232,0,0,/data1/ken/onc-co-scientist/data/expected_surprising_ledger/full_runs/20260910_clinical10pct_masked_workflows/runs/1a87643398283251__persistent__sol_medium__r006/report.json,0e4a928def17cdaf51339c60cf6abc17e3a6609dc6e5085126efa3d4e194059a
1a87643398283251__persistent__sol_medium__r007,sol_medium,persistent,surprising,r007,completed,1,0.6666666666666666,0.9875776397515528,79.59949937421776,59.333333333333336,100.0,101,164275,0,3,/data1/ken/onc-co-scientist/data/expected_surprising_ledger/full_runs/20260910_clinical10pct_masked_workflows/runs/1a87643398283251__persistent__sol_medium__r007/report.json,90db2499195cacae0047ed57960de907e686637af0bd5986db7dc48ab42f5aae
1a87643398283251__persistent__terra_medium__r001,terra_medium,persistent,surprising,r001,completed,1,0.6666666666666666,1.0,80.0,65.33333333333333,100.0,100,48544,0,0,/data1/ken/onc-co-scientist/data/expected_surprising_ledger/full_runs/20260910_clinical10pct_masked_workflows/runs/1a87643398283251__persistent__terra_medium__r001/report.json,7266922c7b16bff74bee35dd13001fef9b577168d8d82d11ae1ee4ac3eeb07b1
1a87643398283251__persistent__terra_medium__r002,terra_medium,persistent,surprising,r002,completed,1,0.6666666666666666,1.0,80.0,65.33333333333333,100.0,100,58805,0,2,/data1/ken/onc-co-scientist/data/expected_surprising_ledger/full_runs/20260910_clinical10pct_masked_workflows/runs/1a87643398283251__persistent__terra_medium__r002/report.json,71f63ba3f750698139915841f5a657310fb9fa8b7e27410ac90182034caf221c
1a87643398283251__persistent__terra_medium__r003,terra_medium,persistent,surprising,r003,completed,1,0.6666666666666666,1.0,80.0,64.0,100.0,101,58566,0,0,/data1/ken/onc-co-scientist/data/expected_surprising_ledger/full_runs/20260910_clinical10pct_masked_workflows/runs/1a87643398283251__persistent__terra_medium__r003/report.json,ed9054c9064ee67e273402e1ecc8de3b1bb66369448fa4705846f89885042e43
1a87643398283251__persistent__terra_medium__r004,terra_medium,persistent,surprising,r004,completed,1,0.3333333333333333,1.0,49.99999999999999,64.0,88.88888888888887,101,75008,0,0,/data1/ken/onc-co-scientist/data/expected_surprising_ledger/full_runs/20260910_clinical10pct_masked_workflows/runs/1a87643398283251__persistent__terra_medium__r004/report.json,b996d2a1d9714f002faefd709d3de349280fb73955206be3d8031677fe20eda1
1a87643398283251__persistent__terra_medium__r005,terra_medium,persistent,surprising,r005,completed,1,0.6666666666666666,1.0,80.0,64.66666666666667,100.0,101,67563,0,0,/data1/ken/onc-co-scientist/data/expected_surprising_ledger/full_runs/20260910_clinical10pct_masked_workflows/runs/1a87643398283251__persistent__terra_medium__r005/report.json,2a79da29539a017e26b2b81cbb8a9b341aba1e847767e70e26bbeef08bc66139
1a87643398283251__persistent__terra_medium__r006,terra_medium,persistent,surprising,r006,completed,0,0.5,0.7941176470588235,61.36363636363637,64.66666666666667,83.33333333333333,100,65482,0,0,/data1/ken/onc-co-scientist/data/expected_surprising_ledger/full_runs/20260910_clinical10pct_masked_workflows/runs/1a87643398283251__persistent__terra_medium__r006/report.json,7581bb0d4af6ff054a420eead50619d2ee3da1aaa8e8bdb2d67e25a09e806b4d
1a87643398283251__persistent__terra_medium__r007,terra_medium,persistent,surprising,r007,completed,1,0.6666666666666666,1.0,80.0,65.33333333333333,100.0,100,64260,0,0,/data1/ken/onc-co-scientist/data/expected_surprising_ledger/full_runs/20260910_clinical10pct_masked_workflows/runs/1a87643398283251__persistent__terra_medium__r007/report.json,2a224910ef2b9a44922787c17e883cfe7fb867ea9f4dee08836816b41be450ff
1a87643398283251__persistent__terra_medium__r008,terra_medium,persistent,surprising,r008,completed,1,0.6666666666666666,0.9878048780487805,79.6068796068796,65.33333333333333,100.0,100,69061,0,0,/data1/ken/onc-co-scientist/data/expected_surprising_ledger/full_runs/20260910_clinical10pct_masked_workflows/runs/1a87643398283251__persistent__terra_medium__r008/report.json,8164ac1fba326937c6de9792c03f1ad39ea4de8b96992161486776623a3d65e1
1a87643398283251__persistent__terra_medium__r009,terra_medium,persistent,surprising,r009,completed,1,0.6666666666666666,1.0,80.0,65.33333333333333,83.33333333333333,102,44688,0,0,/data1/ken/onc-co-scientist/data/expected_surprising_ledger/full_runs/20260910_clinical10pct_masked_workflows/runs/1a87643398283251__persistent__terra_medium__r009/report.json,6d544f9719f9d83507440244c99991979b9a44b53e8f6e921cde14542128a4b4
1a87643398283251__sequential__astra_medium__r001,astra_medium,sequential,surprising,r001,completed,1,0.8333333333333334,0.94,88.34586466165415,68.0,100.0,108,85780,0,0,/data1/ken/onc-co-scientist/data/expected_surprising_ledger/full_runs/20260910_clinical10pct_masked_workflows/runs/1a87643398283251__sequential__astra_medium__r001/report.json,f823281f81caf19f90754eebf29c1ac5a72bed52b50bc9a8ef7d05241f9513a8
1a87643398283251__sequential__astra_medium__r002,astra_medium,sequential,surprising,r002,completed,1,0.6666666666666666,0.9827586206896551,79.44250871080139,64.66666666666667,100.0,106,76770,0,1,/data1/ken/onc-co-scientist/data/expected_surprising_ledger/full_runs/20260910_clinical10pct_masked_workflows/runs/1a87643398283251__sequential__astra_medium__r002/report.json,1319ca78366185ca960fc0a0eec4003d93275c56c5ddcad06d7285f8a538d565
1a87643398283251__sequential__astra_medium__r003,astra_medium,sequential,surprising,r003,completed,1,0.6666666666666666,0.78,71.88940092165898,64.66666666666667,100.0,107,80984,0,0,/data1/ken/onc-co-scientist/data/expected_surprising_ledger/full_runs/20260910_clinical10pct_masked_workflows/runs/1a87643398283251__sequential__astra_medium__r003/report.json,726d722eba3ba0088441fc8d8c20d5473ff1ffcdb17e6687d011cf9ca259cc9f
1a87643398283251__sequential__astra_medium__r004,astra_medium,sequential,surprising,r004,completed,1,0.6666666666666666,1.0,80.0,64.0,100.0,104,78271,0,0,/data1/ken/onc-co-scientist/data/expected_surprising_ledger/full_runs/20260910_clinical10pct_masked_workflows/runs/1a87643398283251__sequential__astra_medium__r004/report.json,795c4c804afaa9102e9825549b6e70d639c50bfa47f3cecee6b9cc0fa68e6661
1a87643398283251__sequential__astra_medium__r005,astra_medium,sequential,surprising,r005,completed,1,0.6666666666666666,0.7450980392156863,70.37037037037037,64.66666666666667,75.0,107,78444,0,0,/data1/ken/onc-co-scientist/data/expected_surprising_ledger/full_runs/20260910_clinical10pct_masked_workflows/runs/1a87643398283251__sequential__astra_medium__r005/report.json,cde936c4f194b0d3a6280119b3c8c7689ec2f82b20a09111c6ceb6eec0609b71
1a87643398283251__sequential__astra_medium__r006,astra_medium,sequential,surprising,r006,completed,1,0.6666666666666666,0.7692307692307693,71.42857142857142,64.66666666666667,86.66666666666667,108,83366,0,0,/data1/ken/onc-co-scientist/data/expected_surprising_ledger/full_runs/20260910_clinical10pct_masked_workflows/runs/1a87643398283251__sequential__astra_medium__r006/report.json,ed71bfa0233905d137e0f3cf41cdb3c301bddb69f9b824d6f9a556847ee68ad4
1a87643398283251__sequential__astra_medium__r007,astra_medium,sequential,surprising,r007,completed,1,0.6666666666666666,0.8955223880597015,76.43312101910827,64.66666666666667,100.0,106,82352,0,2,/data1/ken/onc-co-scientist/data/expected_surprising_ledger/full_runs/20260910_clinical10pct_masked_workflows/runs/1a87643398283251__sequential__astra_medium__r007/report.json,427176890f8ee4291e09d0a71d1d0d0af6c56c7c1380d0ca75ab9ffb8bbc3d3c
1a87643398283251__sequential__astra_medium__r008,astra_medium,sequential,surprising,r008,completed,1,0.6666666666666666,0.9814814814814815,79.4007490636704,64.66666666666667,100.0,100,70078,0,0,/data1/ken/onc-co-scientist/data/expected_surprising_ledger/full_runs/20260910_clinical10pct_masked_workflows/runs/1a87643398283251__sequential__astra_medium__r008/report.json,e88fd6bd2b9cad9b1d90c184f1a5a80b3771639fa576bceaf8e84758eba07750
1a87643398283251__sequential__luna_medium__r001,luna_medium,sequential,surprising,r001,completed,1,0.5,1.0,66.66666666666667,42.666666666666664,,110,67555,10,0,/data1/ken/onc-co-scientist/data/expected_surprising_ledger/full_runs/20260910_clinical10pct_masked_workflows/runs/1a87643398283251__sequential__luna_medium__r001/report.json,d280494e8e1466c83417171aa380b6c54feb0f9740a4b9fd54f6d8fa3b973335
1a87643398283251__sequential__luna_medium__r002,luna_medium,sequential,surprising,r002,completed,0,0.16666666666666666,0.7848101265822784,27.494456762749444,28.0,,101,68333,1,0,/data1/ken/onc-co-scientist/data/expected_surprising_ledger/full_runs/20260910_clinical10pct_masked_workflows/runs/1a87643398283251__sequential__luna_medium__r002/report.json,076a4a177d61a21932769a6d7e20c343aa0b609f6c8c1d7369bf65b2c4b956b5
1a87643398283251__sequential__luna_medium__r003,luna_medium,sequential,surprising,r003,completed,1,0.3333333333333333,1.0,49.99999999999999,33.333333333333336,,100,65104,0,0,/data1/ken/onc-co-scientist/data/expected_surprising_ledger/full_runs/20260910_clinical10pct_masked_workflows/runs/1a87643398283251__sequential__luna_medium__r003/report.json,cec27b9efdb3786d237d2cfb7f024a2448c6a6b6ead8d205acaad83e8ace4f89
1a87643398283251__sequential__luna_medium__r004,luna_medium,sequential,surprising,r004,completed,0,0.16666666666666666,0.4264705882352941,23.966942148760324,50.0,46.666666666666664,100,71331,0,0,/data1/ken/onc-co-scientist/data/expected_surprising_ledger/full_runs/20260910_clinical10pct_masked_workflows/runs/1a87643398283251__sequential__luna_medium__r004/report.json,b269c2f7c642bee2d2a8609e07e052fcf5557fc678d27f1b811a2f14d25081cc
1a87643398283251__sequential__luna_medium__r005,luna_medium,sequential,surprising,r005,completed,1,0.5,0.8484848484848485,62.92134831460673,61.333333333333336,83.33333333333333,102,73904,0,0,/data1/ken/onc-co-scientist/data/expected_surprising_ledger/full_runs/20260910_clinical10pct_masked_workflows/runs/1a87643398283251__sequential__luna_medium__r005/report.json,65f085afa260de58218bd1649071aa273cf4041542e7b08e4a58c3e1e9458d9a
1a87643398283251__sequential__luna_medium__r006,luna_medium,sequential,surprising,r006,completed,1,0.5,0.9636363636363636,65.83850931677019,60.666666666666664,88.88888888888887,101,79091,0,0,/data1/ken/onc-co-scientist/data/expected_surprising_ledger/full_runs/20260910_clinical10pct_masked_workflows/runs/1a87643398283251__sequential__luna_medium__r006/report.json,a49fc451d6198b9d387182b073f451bf2e44aefa425775ab12fc902696ef38db
1a87643398283251__sequential__luna_medium__r007,luna_medium,sequential,surprising,r007,completed,1,0.6666666666666666,1.0,80.0,54.0,88.88888888888887,103,73544,0,2,/data1/ken/onc-co-scientist/data/expected_surprising_ledger/full_runs/20260910_clinical10pct_masked_workflows/runs/1a87643398283251__sequential__luna_medium__r007/report.json,eb35aaa743e0992eb58460766fb007e002b823315000511dbe168f4c1e9708e1
1a87643398283251__sequential__luna_medium__r008,luna_medium,sequential,surprising,r008,completed,0,0.16666666666666666,0.99,28.53025936599423,16.666666666666668,66.66666666666667,101,70748,0,0,/data1/ken/onc-co-scientist/data/expected_surprising_ledger/full_runs/20260910_clinical10pct_masked_workflows/runs/1a87643398283251__sequential__luna_medium__r008/report.json,3eae9a716798f2fe91bbac0863fa3174ac75a3c494fe212b6c8da1b2084dd675
1a87643398283251__sequential__sol_medium__r001,sol_medium,sequential,surprising,r001,completed,1,0.6666666666666666,0.926829268292683,77.55102040816325,62.0,100.0,100,166481,0,1,/data1/ken/onc-co-scientist/data/expected_surprising_ledger/full_runs/20260910_clinical10pct_masked_workflows/runs/1a87643398283251__sequential__sol_medium__r001/report.json,6e5d39fe0e711b4e70cb86e81842f7b3219da3d53a3108dbc82fac2395291ba9
1a87643398283251__sequential__sol_medium__r002,sol_medium,sequential,surprising,r002,completed,1,0.6666666666666666,0.9625,78.77237851662403,63.333333333333336,100.0,101,179589,0,1,/data1/ken/onc-co-scientist/data/expected_surprising_ledger/full_runs/20260910_clinical10pct_masked_workflows/runs/1a87643398283251__sequential__sol_medium__r002/report.json,9b6117fe90cb32c8d79dccf2c6336bf50c88b35a543d48f437bc8b92b4461754
1a87643398283251__sequential__sol_medium__r003,sol_medium,sequential,surprising,r003,completed,1,0.6666666666666666,0.7525773195876289,70.70217917675545,64.66666666666667,83.33333333333333,101,169301,0,0,/data1/ken/onc-co-scientist/data/expected_surprising_ledger/full_runs/20260910_clinical10pct_masked_workflows/runs/1a87643398283251__sequential__sol_medium__r003/report.json,bf7c63da44edf460fe6498941c4e2c43a90ab1be5b88c0755b16e5bdccf3551a
1a87643398283251__sequential__sol_medium__r004,sol_medium,sequential,surprising,r004,completed,1,0.6666666666666666,0.9530201342281879,78.45303867403312,62.0,100.0,100,179262,0,0,/data1/ken/onc-co-scientist/data/expected_surprising_ledger/full_runs/20260910_clinical10pct_masked_workflows/runs/1a87643398283251__sequential__sol_medium__r004/report.json,18df87e05d247fe24ceb38a9e3863eae3fe3655cef7d120f6ddeadb4ec034551
1a87643398283251__sequential__sol_medium__r005,sol_medium,sequential,surprising,r005,completed,1,0.6666666666666666,0.8333333333333334,74.07407407407406,60.666666666666664,58.333333333333336,100,172039,0,0,/data1/ken/onc-co-scientist/data/expected_surprising_ledger/full_runs/20260910_clinical10pct_masked_workflows/runs/1a87643398283251__sequential__sol_medium__r005/report.json,80b61fac595ba26e4fb8eea23f42ae85dc837c6d100fc3b71b58ae6e5d4e0b44
1a87643398283251__sequential__sol_medium__r006,sol_medium,sequential,surprising,r006,completed,1,0.6666666666666666,0.9814814814814815,79.4007490636704,62.0,100.0,100,157508,0,2,/data1/ken/onc-co-scientist/data/expected_surprising_ledger/full_runs/20260910_clinical10pct_masked_workflows/runs/1a87643398283251__sequential__sol_medium__r006/report.json,d2900d44c2016cdac182b77ef4ca694f7987e29bbfc0034ba1954fbd6efb38e3
1a87643398283251__sequential__sol_medium__r007,sol_medium,sequential,surprising,r007,completed,1,0.6666666666666666,0.8545454545454545,74.9003984063745,63.333333333333336,77.77777777777779,101,176093,0,0,/data1/ken/onc-co-scientist/data/expected_surprising_ledger/full_runs/20260910_clinical10pct_masked_workflows/runs/1a87643398283251__sequential__sol_medium__r007/report.json,d80a3c48ede02b0ff395fc280e34acf20cfebbe97d1a922d548bed499a22e582
1a87643398283251__sequential__sol_medium__r008,sol_medium,sequential,surprising,r008,completed,1,0.6666666666666666,0.958041958041958,78.62266857962696,56.666666666666664,77.77777777777779,101,171824,0,0,/data1/ken/onc-co-scientist/data/expected_surprising_ledger/full_runs/20260910_clinical10pct_masked_workflows/runs/1a87643398283251__sequential__sol_medium__r008/report.json,5dc33cc1e2566ac684a9b73f9bed2d80186075f3bf2559cd654545e012b9b8d6
1a87643398283251__sequential__terra_medium__r001,terra_medium,sequential,surprising,r001,completed,1,0.6666666666666666,1.0,80.0,64.0,,101,55889,0,0,/data1/ken/onc-co-scientist/data/expected_surprising_ledger/full_runs/20260910_clinical10pct_masked_workflows/runs/1a87643398283251__sequential__terra_medium__r001/report.json,e4c06edcc8f4729d42216b7bb05188fcf73a65dc01fe95cf8fde4a660a2538ba
1a87643398283251__sequential__terra_medium__r002,terra_medium,sequential,surprising,r002,completed,1,0.6666666666666666,1.0,80.0,62.666666666666664,100.0,100,61703,0,0,/data1/ken/onc-co-scientist/data/expected_surprising_ledger/full_runs/20260910_clinical10pct_masked_workflows/runs/1a87643398283251__sequential__terra_medium__r002/report.json,8a4fc2b6d397c85ceca2f36a0c2ce2fcf37384f335c63a5d8e1f61ee8648a146
1a87643398283251__sequential__terra_medium__r003,terra_medium,sequential,surprising,r003,completed,1,0.6666666666666666,1.0,80.0,64.0,100.0,100,54391,0,0,/data1/ken/onc-co-scientist/data/expected_surprising_ledger/full_runs/20260910_clinical10pct_masked_workflows/runs/1a87643398283251__sequential__terra_medium__r003/report.json,bd5fdb21c9ee9a9b411ba18d88c927f5ff058302f0150229db5086e60bcad4a8
1a87643398283251__sequential__terra_medium__r004,terra_medium,sequential,surprising,r004,completed,1,0.6666666666666666,0.8695652173913043,75.47169811320754,65.33333333333333,91.66666666666667,100,65427,0,0,/data1/ken/onc-co-scientist/data/expected_surprising_ledger/full_runs/20260910_clinical10pct_masked_workflows/runs/1a87643398283251__sequential__terra_medium__r004/report.json,e10f2cb6dabbff5741f068ef24a57e6b1f8bf9fa9baafe66d8190b3ab84a2eb0
1a87643398283251__sequential__terra_medium__r005,terra_medium,sequential,surprising,r005,completed,1,0.5,1.0,66.66666666666667,63.333333333333336,100.0,100,59016,0,0,/data1/ken/onc-co-scientist/data/expected_surprising_ledger/full_runs/20260910_clinical10pct_masked_workflows/runs/1a87643398283251__sequential__terra_medium__r005/report.json,d6841c2eb22956ebd6768c2d7a8302a48e832ebc7dc9ad7521692eed6d54024f
1a87643398283251__sequential__terra_medium__r006,terra_medium,sequential,surprising,r006,completed,1,0.6666666666666666,1.0,80.0,61.333333333333336,100.0,100,61825,0,0,/data1/ken/onc-co-scientist/data/expected_surprising_ledger/full_runs/20260910_clinical10pct_masked_workflows/runs/1a87643398283251__sequential__terra_medium__r006/report.json,3b44b92226248dcd1b5efdce396f23f2e3daa39d7326ad31fb308f7922a7ac1d
1a87643398283251__sequential__terra_medium__r007,terra_medium,sequential,surprising,r007,completed,1,0.6666666666666666,0.9047619047619048,76.76767676767676,63.333333333333336,72.22222222222221,100,58281,0,0,/data1/ken/onc-co-scientist/data/expected_surprising_ledger/full_runs/20260910_clinical10pct_masked_workflows/runs/1a87643398283251__sequential__terra_medium__r007/report.json,430bef9c271e73849e3984060eca71701071fc00a7c3872b55374ce2f2eb51bb
1a87643398283251__sequential__terra_medium__r008,terra_medium,sequential,surprising,r008,completed,1,0.6666666666666666,1.0,80.0,58.666666666666664,100.0,100,59774,0,0,/data1/ken/onc-co-scientist/data/expected_surprising_ledger/full_runs/20260910_clinical10pct_masked_workflows/runs/1a87643398283251__sequential__terra_medium__r008/report.json,0b0d1618826f38f39e6302de9f3fdd18a67ffed75f7f0b8ca4855b80af6a1c2a
a561a12e2075ee78__deliberative__astra_medium__r001,astra_medium,deliberative,expected,r001,completed,1,0.6666666666666666,1.0,80.0,64.0,100.0,303,272040,0,1,/data1/ken/onc-co-scientist/data/expected_surprising_ledger/full_runs/20260910_clinical10pct_masked_workflows/runs/a561a12e2075ee78__deliberative__astra_medium__r001/report.json,8b01fbed6e0bae9d1b2cd436e76e0c6ccffd4b3a0b6c322ab8e95481d34ec0e9
a561a12e2075ee78__deliberative__astra_medium__r002,astra_medium,deliberative,expected,r002,completed,1,0.6666666666666666,1.0,80.0,64.0,100.0,305,267759,0,1,/data1/ken/onc-co-scientist/data/expected_surprising_ledger/full_runs/20260910_clinical10pct_masked_workflows/runs/a561a12e2075ee78__deliberative__astra_medium__r002/report.json,60cfae9970eba3fdb0bbd26db419c2b62703c0ac074c239f79e08b861f8f77c3
a561a12e2075ee78__deliberative__astra_medium__r003,astra_medium,deliberative,expected,r003,completed,1,0.6666666666666666,0.9636363636363636,78.81040892193307,64.0,100.0,304,255152,0,0,/data1/ken/onc-co-scientist/data/expected_surprising_ledger/full_runs/20260910_clinical10pct_masked_workflows/runs/a561a12e2075ee78__deliberative__astra_medium__r003/report.json,1b3ee6a552873419d8811233e7e850d9ca4ef2c7a3d5d42cef971b15d5f5b125
a561a12e2075ee78__deliberative__astra_medium__r004,astra_medium,deliberative,expected,r004,completed,1,0.6666666666666666,0.9830508474576272,79.45205479452054,64.44444444444444,100.0,303,259511,0,0,/data1/ken/onc-co-scientist/data/expected_surprising_ledger/full_runs/20260910_clinical10pct_masked_workflows/runs/a561a12e2075ee78__deliberative__astra_medium__r004/report.json,bb0dc69c48e46ec161976008c39428ea13ee9a8688ec8095f688a5dceab51e26
a561a12e2075ee78__deliberative__astra_medium__r005,astra_medium,deliberative,expected,r005,completed,1,0.6666666666666666,0.8888888888888888,76.19047619047618,63.55555555555556,100.0,305,276436,0,3,/data1/ken/onc-co-scientist/data/expected_surprising_ledger/full_runs/20260910_clinical10pct_masked_workflows/runs/a561a12e2075ee78__deliberative__astra_medium__r005/report.json,ed3b66b2648ef21f334f669b03b6dba03f360248fa79355310c2fb276344bfc7
a561a12e2075ee78__deliberative__luna_medium__r001,luna_medium,deliberative,expected,r001,completed,0,0.1111111111111111,1.0,20.0,11.11111111111111,100.0,311,214308,8,1,/data1/ken/onc-co-scientist/data/expected_surprising_ledger/full_runs/20260910_clinical10pct_masked_workflows/runs/a561a12e2075ee78__deliberative__luna_medium__r001/report.json,cc8083b27be7d9b0e0c92a66c5eb23e1d164c382abfc982f373a23a64318f416
a561a12e2075ee78__deliberative__luna_medium__r002,luna_medium,deliberative,expected,r002,completed,0,0.1111111111111111,0.6862745098039216,19.12568306010929,11.11111111111111,100.0,309,222238,6,1,/data1/ken/onc-co-scientist/data/expected_surprising_ledger/full_runs/20260910_clinical10pct_masked_workflows/runs/a561a12e2075ee78__deliberative__luna_medium__r002/report.json,f6d67c5b486d892c00024e54dc0876a40f747cfaab42dd9b58ef629547ee6c6a
a561a12e2075ee78__deliberative__luna_medium__r003,luna_medium,deliberative,expected,r003,completed,1,0.3333333333333333,0.8313253012048193,47.586206896551715,25.333333333333332,,302,245394,0,0,/data1/ken/onc-co-scientist/data/expected_surprising_ledger/full_runs/20260910_clinical10pct_masked_workflows/runs/a561a12e2075ee78__deliberative__luna_medium__r003/report.json,b1dfb508c13cac8a87fac912751041f1838a35ace8329f039087d49b71fb6208
a561a12e2075ee78__deliberative__luna_medium__r004,luna_medium,deliberative,expected,r004,completed,1,0.5555555555555555,0.9605263157894737,70.39537126325939,49.77777777777777,83.33333333333333,303,234374,0,0,/data1/ken/onc-co-scientist/data/expected_surprising_ledger/full_runs/20260910_clinical10pct_masked_workflows/runs/a561a12e2075ee78__deliberative__luna_medium__r004/report.json,d759dd1b05e675d236a192ac8422ca46917ee950f0892e247a8c9101d7a1aff3
a561a12e2075ee78__deliberative__luna_medium__r005,luna_medium,deliberative,expected,r005,completed,1,0.6666666666666666,1.0,80.0,60.44444444444444,,301,217769,0,0,/data1/ken/onc-co-scientist/data/expected_surprising_ledger/full_runs/20260910_clinical10pct_masked_workflows/runs/a561a12e2075ee78__deliberative__luna_medium__r005/report.json,5d87ceaf084e1b9be315a7f4658234ac9f69dad862ab8af23c79c3b479696019
a561a12e2075ee78__deliberative__luna_medium__r006,luna_medium,deliberative,expected,r006,completed,1,0.2222222222222222,0.8448275862068966,35.188509874326755,22.22222222222222,66.66666666666667,302,216249,0,2,/data1/ken/onc-co-scientist/data/expected_surprising_ledger/full_runs/20260910_clinical10pct_masked_workflows/runs/a561a12e2075ee78__deliberative__luna_medium__r006/report.json,b39478c0f3f87eb8734a331922daa170ddff1781dcbec7956da5d2a2bd8a3992
a561a12e2075ee78__deliberative__luna_medium__r007,luna_medium,deliberative,expected,r007,completed,1,0.2222222222222222,0.8507462686567164,35.23956723338485,47.11111111111111,,302,218060,0,0,/data1/ken/onc-co-scientist/data/expected_surprising_ledger/full_runs/20260910_clinical10pct_masked_workflows/runs/a561a12e2075ee78__deliberative__luna_medium__r007/report.json,3d723fd00fe85b32c721f4d1e4ec74a620746b6623e4703bb864980a15714b44
a561a12e2075ee78__deliberative__sol_medium__r001,sol_medium,deliberative,expected,r001,completed,1,0.6666666666666666,0.8181818181818182,73.46938775510203,62.22222222222223,44.444444444444436,300,532981,0,1,/data1/ken/onc-co-scientist/data/expected_surprising_ledger/full_runs/20260910_clinical10pct_masked_workflows/runs/a561a12e2075ee78__deliberative__sol_medium__r001/report.json,453837c64bd12eca457b58d5019b2875a46397230527bee60e293c5da65eb7c0
a561a12e2075ee78__deliberative__sol_medium__r002,sol_medium,deliberative,expected,r002,completed,1,0.6666666666666666,0.9433962264150944,78.12499999999999,60.0,100.0,300,540874,0,1,/data1/ken/onc-co-scientist/data/expected_surprising_ledger/full_runs/20260910_clinical10pct_masked_workflows/runs/a561a12e2075ee78__deliberative__sol_medium__r002/report.json,0067a59374cc7b94508f66958dfa5a56e8771d5107f0d716ed5ed90886d679b0
a561a12e2075ee78__deliberative__sol_medium__r003,sol_medium,deliberative,expected,r003,completed,1,0.6666666666666666,0.9097744360902256,76.94753577106516,61.77777777777777,100.0,300,562507,0,0,/data1/ken/onc-co-scientist/data/expected_surprising_ledger/full_runs/20260910_clinical10pct_masked_workflows/runs/a561a12e2075ee78__deliberative__sol_medium__r003/report.json,9e70fc4f128d9ef5da35369cd03251c80f1abe62b9db9fa70270ca237eb22bac
a561a12e2075ee78__deliberative__sol_medium__r004,sol_medium,deliberative,expected,r004,completed,1,0.6666666666666666,0.9439252336448598,78.14313346228238,60.88888888888889,100.0,301,542905,0,2,/data1/ken/onc-co-scientist/data/expected_surprising_ledger/full_runs/20260910_clinical10pct_masked_workflows/runs/a561a12e2075ee78__deliberative__sol_medium__r004/report.json,ad7735885343c2f2ab3e945e864c52786033ada178f7e5df94ea959c7579c902
a561a12e2075ee78__deliberative__sol_medium__r005,sol_medium,deliberative,expected,r005,completed,1,0.6666666666666666,0.9848484848484849,79.51070336391437,62.22222222222223,100.0,300,476053,0,2,/data1/ken/onc-co-scientist/data/expected_surprising_ledger/full_runs/20260910_clinical10pct_masked_workflows/runs/a561a12e2075ee78__deliberative__sol_medium__r005/report.json,1f6eb55e7c2413d7e01aba32f7ccf0f617c79b94dc9da29f53b17c530571dbcc
a561a12e2075ee78__deliberative__terra_medium__r001,terra_medium,deliberative,expected,r001,completed,1,0.6666666666666666,1.0,80.0,59.55555555555556,100.0,301,174115,0,1,/data1/ken/onc-co-scientist/data/expected_surprising_ledger/full_runs/20260910_clinical10pct_masked_workflows/runs/a561a12e2075ee78__deliberative__terra_medium__r001/report.json,b5dee0a8da276bd2341fb111300dd4524a8dc49130eb87deaa57ac5a476a1372
a561a12e2075ee78__deliberative__terra_medium__r002,terra_medium,deliberative,expected,r002,completed,1,0.6666666666666666,1.0,80.0,62.22222222222223,,300,164338,0,2,/data1/ken/onc-co-scientist/data/expected_surprising_ledger/full_runs/20260910_clinical10pct_masked_workflows/runs/a561a12e2075ee78__deliberative__terra_medium__r002/report.json,ad4966df07517a672388bdce94a2a540275d4b55e1d2489c9d3a7b32917ac9fc
a561a12e2075ee78__deliberative__terra_medium__r003,terra_medium,deliberative,expected,r003,completed,1,0.6666666666666666,0.9761904761904762,79.2270531400966,59.11111111111111,100.0,300,186175,0,0,/data1/ken/onc-co-scientist/data/expected_surprising_ledger/full_runs/20260910_clinical10pct_masked_workflows/runs/a561a12e2075ee78__deliberative__terra_medium__r003/report.json,61829bb0cbd21fa3e76d2ee8f8a9e92404e4828a33020928af1b634d8d55d0fe
a561a12e2075ee78__deliberative__terra_medium__r004,terra_medium,deliberative,expected,r004,completed,0,0.4444444444444444,1.0,61.53846153846154,45.333333333333336,,300,183738,0,0,/data1/ken/onc-co-scientist/data/expected_surprising_ledger/full_runs/20260910_clinical10pct_masked_workflows/runs/a561a12e2075ee78__deliberative__terra_medium__r004/report.json,7d210c8d8e0f1e26f172da1bc7eca9a8e6f60e2105f7393cae38f150d3ba021b
a561a12e2075ee78__deliberative__terra_medium__r005,terra_medium,deliberative,expected,r005,completed,1,0.6666666666666666,1.0,80.0,62.22222222222223,,300,148061,0,0,/data1/ken/onc-co-scientist/data/expected_surprising_ledger/full_runs/20260910_clinical10pct_masked_workflows/runs/a561a12e2075ee78__deliberative__terra_medium__r005/report.json,4e26d387b5cfe22296a9500be7e91bfdad2f25b947c11ca6dfb25bb8b274b44e
a561a12e2075ee78__deliberative__terra_medium__r006,terra_medium,deliberative,expected,r006,completed,1,0.6666666666666666,1.0,80.0,61.333333333333336,,301,182726,0,3,/data1/ken/onc-co-scientist/data/expected_surprising_ledger/full_runs/20260910_clinical10pct_masked_workflows/runs/a561a12e2075ee78__deliberative__terra_medium__r006/report.json,34ee3e0a0bd92d54b11c20274538da85c24776362f5cf837b56ba4ab48da6685
a561a12e2075ee78__deliberative__terra_medium__r007,terra_medium,deliberative,expected,r007,completed,1,0.6666666666666666,1.0,80.0,60.88888888888889,83.33333333333333,301,182853,0,0,/data1/ken/onc-co-scientist/data/expected_surprising_ledger/full_runs/20260910_clinical10pct_masked_workflows/runs/a561a12e2075ee78__deliberative__terra_medium__r007/report.json,7ae58572afc6fc401359fb1b432de63280bce929a6d5dff3ddb6505c052a1226
a561a12e2075ee78__deliberative__terra_medium__r008,terra_medium,deliberative,expected,r008,completed,1,0.6666666666666666,1.0,80.0,63.55555555555556,,300,157062,0,0,/data1/ken/onc-co-scientist/data/expected_surprising_ledger/full_runs/20260910_clinical10pct_masked_workflows/runs/a561a12e2075ee78__deliberative__terra_medium__r008/report.json,7375406affc85d11695bcf7628e66b25fe801e5bf538aaf64b67cb0a89871781
a561a12e2075ee78__persistent__astra_medium__r001,astra_medium,persistent,expected,r001,completed,1,0.6666666666666666,0.8571428571428571,74.99999999999999,64.44444444444444,75.0,101,82042,0,0,/data1/ken/onc-co-scientist/data/expected_surprising_ledger/full_runs/20260910_clinical10pct_masked_workflows/runs/a561a12e2075ee78__persistent__astra_medium__r001/report.json,b0669b428fddad4fac1e1afa8adefc3727f59badce597a7b3cc7e6402546d7e1
a561a12e2075ee78__persistent__astra_medium__r002,astra_medium,persistent,expected,r002,completed,1,0.6666666666666666,0.9583333333333334,78.63247863247862,64.44444444444444,95.23809523809524,107,95897,0,1,/data1/ken/onc-co-scientist/data/expected_surprising_ledger/full_runs/20260910_clinical10pct_masked_workflows/runs/a561a12e2075ee78__persistent__astra_medium__r002/report.json,0708e5fa09cb812576e2981f2554a5521c2f68b848726db81f1898b3cbaf9f9b
a561a12e2075ee78__persistent__astra_medium__r003,astra_medium,persistent,expected,r003,completed,1,0.6666666666666666,0.958904109589041,78.65168539325842,63.55555555555556,100.0,104,90473,0,0,/data1/ken/onc-co-scientist/data/expected_surprising_ledger/full_runs/20260910_clinical10pct_masked_workflows/runs/a561a12e2075ee78__persistent__astra_medium__r003/report.json,8cc3dc60a454773e7885abf9a7426ebe444fa5c3c449965ba71cda5dc033a292
a561a12e2075ee78__persistent__astra_medium__r004,astra_medium,persistent,expected,r004,completed,1,0.6666666666666666,1.0,80.0,64.44444444444444,100.0,104,88630,0,0,/data1/ken/onc-co-scientist/data/expected_surprising_ledger/full_runs/20260910_clinical10pct_masked_workflows/runs/a561a12e2075ee78__persistent__astra_medium__r004/report.json,07da0a7722cdb45c020dc3f718e2631fe4e919d7bf51a979f5a77e435d560ae0
a561a12e2075ee78__persistent__astra_medium__r005,astra_medium,persistent,expected,r005,completed,1,0.6666666666666666,0.8888888888888888,76.19047619047618,64.44444444444444,100.0,105,87553,0,0,/data1/ken/onc-co-scientist/data/expected_surprising_ledger/full_runs/20260910_clinical10pct_masked_workflows/runs/a561a12e2075ee78__persistent__astra_medium__r005/report.json,5b21cdc74c24f1ef2e09af28d5cbf5ebdc8634e7f86718d691a18e6186a4087b
a561a12e2075ee78__persistent__astra_medium__r006,astra_medium,persistent,expected,r006,completed,1,0.6666666666666666,0.9615384615384616,78.74015748031496,64.0,88.88888888888887,109,90949,0,2,/data1/ken/onc-co-scientist/data/expected_surprising_ledger/full_runs/20260910_clinical10pct_masked_workflows/runs/a561a12e2075ee78__persistent__astra_medium__r006/report.json,8c31d686286f6c9318fe371be96d55aedaa5b41068ede8274cb453d4ecc735fe
a561a12e2075ee78__persistent__astra_medium__r007,astra_medium,persistent,expected,r007,completed,1,0.6666666666666666,0.8695652173913043,75.47169811320754,64.44444444444444,100.0,105,93657,0,0,/data1/ken/onc-co-scientist/data/expected_surprising_ledger/full_runs/20260910_clinical10pct_masked_workflows/runs/a561a12e2075ee78__persistent__astra_medium__r007/report.json,a779d1d2bcbcba38e30fe561dc925ea9787f1b0e30337859e4efc1c3e527133e
a561a12e2075ee78__persistent__astra_medium__r008,astra_medium,persistent,expected,r008,completed,1,0.6666666666666666,0.9318181818181818,77.72511848341232,64.44444444444444,91.66666666666667,101,85211,0,0,/data1/ken/onc-co-scientist/data/expected_surprising_ledger/full_runs/20260910_clinical10pct_masked_workflows/runs/a561a12e2075ee78__persistent__astra_medium__r008/report.json,f3e91096c1089e8ed19dd6eefa21a274843d24370ab3a42d6f9a400001218cd6
a561a12e2075ee78__persistent__luna_medium__r001,luna_medium,persistent,expected,r001,failed,1,0.3333333333333333,0.8604651162790697,48.051948051948045,65.77777777777777,80.0,108,71174,9,0,/data1/ken/onc-co-scientist/data/expected_surprising_ledger/full_runs/20260910_clinical10pct_masked_workflows/runs/a561a12e2075ee78__persistent__luna_medium__r001/report.json,5c76685d3d5b5ef1dbbf2b99a15b6734a6058300024712d92502507db36a5c0c
a561a12e2075ee78__persistent__luna_medium__r002,luna_medium,persistent,expected,r002,completed,1,0.6666666666666666,0.9797979797979798,79.34560327198363,54.22222222222223,,102,71422,0,1,/data1/ken/onc-co-scientist/data/expected_surprising_ledger/full_runs/20260910_clinical10pct_masked_workflows/runs/a561a12e2075ee78__persistent__luna_medium__r002/report.json,31595825f1b435f75e0a21df884ac9312a174ff262815d05349cf55f3aaa90a7
a561a12e2075ee78__persistent__luna_medium__r003,luna_medium,persistent,expected,r003,completed,0,0.1111111111111111,1.0,20.0,11.11111111111111,83.33333333333333,104,70195,0,0,/data1/ken/onc-co-scientist/data/expected_surprising_ledger/full_runs/20260910_clinical10pct_masked_workflows/runs/a561a12e2075ee78__persistent__luna_medium__r003/report.json,ab6e4860cf967bab90d8c69907c8ed2318e97d5ce15c9187b00499e61c1d7fb5
a561a12e2075ee78__persistent__luna_medium__r004,luna_medium,persistent,expected,r004,completed,1,0.6666666666666666,0.9935483870967742,79.79274611398962,45.333333333333336,66.66666666666667,101,70217,0,0,/data1/ken/onc-co-scientist/data/expected_surprising_ledger/full_runs/20260910_clinical10pct_masked_workflows/runs/a561a12e2075ee78__persistent__luna_medium__r004/report.json,81759cd2876cfa546bf99f1fab7f19cb3803dce21c8275faa4004ddc7003cf84
a561a12e2075ee78__persistent__luna_medium__r005,luna_medium,persistent,expected,r005,completed,1,0.3333333333333333,0.515625,40.49079754601227,53.333333333333336,,102,79860,0,0,/data1/ken/onc-co-scientist/data/expected_surprising_ledger/full_runs/20260910_clinical10pct_masked_workflows/runs/a561a12e2075ee78__persistent__luna_medium__r005/report.json,7cc5fecb0fdb4a42e37f73fc329eac17e57342690c9ef6d096fd1ce220636361
a561a12e2075ee78__persistent__luna_medium__r006,luna_medium,persistent,expected,r006,completed,1,0.4444444444444444,0.963302752293578,60.825488776249095,52.0,66.66666666666667,101,73433,0,2,/data1/ken/onc-co-scientist/data/expected_surprising_ledger/full_runs/20260910_clinical10pct_masked_workflows/runs/a561a12e2075ee78__persistent__luna_medium__r006/report.json,9db5883ede4584d704e08648b6d7b0840788ea35e00a2ef1e2205a859d7d4b8a
a561a12e2075ee78__persistent__luna_medium__r007,luna_medium,persistent,expected,r007,completed,0,0.1111111111111111,1.0,20.0,11.11111111111111,,101,73004,0,2,/data1/ken/onc-co-scientist/data/expected_surprising_ledger/full_runs/20260910_clinical10pct_masked_workflows/runs/a561a12e2075ee78__persistent__luna_medium__r007/report.json,5025c64b82b81db67216fc1575da134f8687f7f86c69fc302ef09d3e553defec
a561a12e2075ee78__persistent__luna_medium__r008,luna_medium,persistent,expected,r008,completed,1,0.5555555555555555,0.9230769230769231,69.36416184971097,60.88888888888889,100.0,100,72298,0,0,/data1/ken/onc-co-scientist/data/expected_surprising_ledger/full_runs/20260910_clinical10pct_masked_workflows/runs/a561a12e2075ee78__persistent__luna_medium__r008/report.json,2945d5e109003568e6f773bf63c8a96b82fee6571476ce38e7b677731187dd78
a561a12e2075ee78__persistent__qwen_3_8_27b__r001,qwen_3_8_27b,persistent,expected,r001,completed,1,0.6666666666666666,1.0,80.0,61.333333333333336,,105,191652,0,0,/data1/ken/onc-co-scientist/data/expected_surprising_ledger/full_runs/20260910_masked_vllm_recommended/runs/a561a12e2075ee78__persistent__qwen_3_8_27b__r001/report.json,c1ebcc417f029d4d4800a430313ee30c7697d13d374862b09615e35801545a50
a561a12e2075ee78__persistent__sol_medium__r001,sol_medium,persistent,expected,r001,completed,1,0.6666666666666666,0.9849624060150376,79.51441578148709,62.22222222222223,100.0,107,187679,0,1,/data1/ken/onc-co-scientist/data/expected_surprising_ledger/full_runs/20260910_clinical10pct_masked_workflows/runs/a561a12e2075ee78__persistent__sol_medium__r001/report.json,0c548905894d8381aea5ea0f5e98dcef04b7030b1c9c06324eb0ac5413bf3d0a
a561a12e2075ee78__persistent__sol_medium__r002,sol_medium,persistent,expected,r002,completed,1,0.6666666666666666,1.0,80.0,64.44444444444444,100.0,100,163178,0,1,/data1/ken/onc-co-scientist/data/expected_surprising_ledger/full_runs/20260910_clinical10pct_masked_workflows/runs/a561a12e2075ee78__persistent__sol_medium__r002/report.json,d320de5753c05718bd1eef7e013af4ea669e5ba5b41357f3838dbde2b566063a
a561a12e2075ee78__persistent__sol_medium__r003,sol_medium,persistent,expected,r003,completed,1,0.6666666666666666,0.9391891891891891,77.98036465638148,62.22222222222223,,102,162187,0,0,/data1/ken/onc-co-scientist/data/expected_surprising_ledger/full_runs/20260910_clinical10pct_masked_workflows/runs/a561a12e2075ee78__persistent__sol_medium__r003/report.json,28c700da1bec02bd580e76ab6e729b01a92570e246512eae8cd0a4ab16b01e92
a561a12e2075ee78__persistent__sol_medium__r004,sol_medium,persistent,expected,r004,completed,1,0.6666666666666666,0.9560439560439561,78.55530474040631,62.22222222222223,100.0,102,156737,0,0,/data1/ken/onc-co-scientist/data/expected_surprising_ledger/full_runs/20260910_clinical10pct_masked_workflows/runs/a561a12e2075ee78__persistent__sol_medium__r004/report.json,d8a8af745fb23741092973042147a1baf61349a37a24a2472c2e8329e9dad2ee
a561a12e2075ee78__persistent__sol_medium__r005,sol_medium,persistent,expected,r005,completed,1,0.6666666666666666,0.9226519337016574,77.40440324449594,55.55555555555556,,100,169193,0,0,/data1/ken/onc-co-scientist/data/expected_surprising_ledger/full_runs/20260910_clinical10pct_masked_workflows/runs/a561a12e2075ee78__persistent__sol_medium__r005/report.json,36cb3ff1ec3748b1428e4623c0cd3e5e57baeae07f1d4cb2cebf170ec34642c4
a561a12e2075ee78__persistent__sol_medium__r006,sol_medium,persistent,expected,r006,completed,1,0.6666666666666666,0.9512195121951219,78.39195979899496,63.11111111111111,83.33333333333333,102,171485,0,0,/data1/ken/onc-co-scientist/data/expected_surprising_ledger/full_runs/20260910_clinical10pct_masked_workflows/runs/a561a12e2075ee78__persistent__sol_medium__r006/report.json,83f35abdfd1cba90c1fc2b8f4b0edcacda0febfd790865454ce369e5c8e793d7
a561a12e2075ee78__persistent__sol_medium__r007,sol_medium,persistent,expected,r007,completed,1,0.6666666666666666,1.0,80.0,62.22222222222223,100.0,104,174633,0,3,/data1/ken/onc-co-scientist/data/expected_surprising_ledger/full_runs/20260910_clinical10pct_masked_workflows/runs/a561a12e2075ee78__persistent__sol_medium__r007/report.json,b98c8ecb189bbb73d6c357ee7e393043df0ca47801228fc98663c4df41f06916
a561a12e2075ee78__persistent__sol_medium__r008,sol_medium,persistent,expected,r008,completed,1,0.6666666666666666,0.9320987654320988,77.73487773487773,57.77777777777777,100.0,101,174262,0,0,/data1/ken/onc-co-scientist/data/expected_surprising_ledger/full_runs/20260910_clinical10pct_masked_workflows/runs/a561a12e2075ee78__persistent__sol_medium__r008/report.json,40be49157769fd4b46c1963c84f2427ed7b8d7b09089058dc60a890349bd383d
a561a12e2075ee78__persistent__terra_medium__r001,terra_medium,persistent,expected,r001,completed,1,0.6666666666666666,1.0,80.0,64.44444444444444,88.88888888888887,100,71300,0,0,/data1/ken/onc-co-scientist/data/expected_surprising_ledger/full_runs/20260910_clinical10pct_masked_workflows/runs/a561a12e2075ee78__persistent__terra_medium__r001/report.json,db72287e9e44221e13a8cc86e32f2beb971cfa5697c543fd0376e70b73716bd3
a561a12e2075ee78__persistent__terra_medium__r002,terra_medium,persistent,expected,r002,completed,1,0.6666666666666666,0.9850746268656716,79.5180722891566,57.77777777777777,100.0,100,54295,0,0,/data1/ken/onc-co-scientist/data/expected_surprising_ledger/full_runs/20260910_clinical10pct_masked_workflows/runs/a561a12e2075ee78__persistent__terra_medium__r002/report.json,6e7d276e77a58be4c15e7ef5cdcc1efafe797a1ddbe858b869b6fb2f652c8508
a561a12e2075ee78__persistent__terra_medium__r003,terra_medium,persistent,expected,r003,completed,1,0.6666666666666666,1.0,80.0,64.8888888888889,,101,45312,0,0,/data1/ken/onc-co-scientist/data/expected_surprising_ledger/full_runs/20260910_clinical10pct_masked_workflows/runs/a561a12e2075ee78__persistent__terra_medium__r003/report.json,c4a76814b99850eae0910d3c75e39f8c63f72825d0e54f882fa704e3f9cb1a60
a561a12e2075ee78__persistent__terra_medium__r004,terra_medium,persistent,expected,r004,completed,1,0.6666666666666666,0.9833333333333333,79.46127946127945,59.55555555555556,,100,68153,0,0,/data1/ken/onc-co-scientist/data/expected_surprising_ledger/full_runs/20260910_clinical10pct_masked_workflows/runs/a561a12e2075ee78__persistent__terra_medium__r004/report.json,a4ce4773b282daf2b059063e7438cce544043d36e2093ca6b259a4e83c4c06e2
a561a12e2075ee78__persistent__terra_medium__r005,terra_medium,persistent,expected,r005,completed,1,0.6666666666666666,0.9565217391304348,78.57142857142856,64.8888888888889,,102,74554,0,0,/data1/ken/onc-co-scientist/data/expected_surprising_ledger/full_runs/20260910_clinical10pct_masked_workflows/runs/a561a12e2075ee78__persistent__terra_medium__r005/report.json,cf2ab2859bcfc155d93c48cca333460982228ff29514fff7e8eeed4c287d3cbc
a561a12e2075ee78__persistent__terra_medium__r006,terra_medium,persistent,expected,r006,completed,1,0.6666666666666666,0.98,79.35222672064778,64.8888888888889,100.0,101,68888,0,0,/data1/ken/onc-co-scientist/data/expected_surprising_ledger/full_runs/20260910_clinical10pct_masked_workflows/runs/a561a12e2075ee78__persistent__terra_medium__r006/report.json,c8cc7f8be01a1d53c4fe652d5d92b3d5a26c02f011844dfc93e73ee451134437
a561a12e2075ee78__persistent__terra_medium__r007,terra_medium,persistent,expected,r007,completed,1,0.6666666666666666,1.0,80.0,63.11111111111111,,100,40273,0,0,/data1/ken/onc-co-scientist/data/expected_surprising_ledger/full_runs/20260910_clinical10pct_masked_workflows/runs/a561a12e2075ee78__persistent__terra_medium__r007/report.json,cbce320a94c444f7e6b81dc8028092c8eb8173296513e9087c7e45fc480f7da2
a561a12e2075ee78__persistent__terra_medium__r008,terra_medium,persistent,expected,r008,completed,1,0.6666666666666666,0.9705882352941176,79.04191616766465,64.44444444444444,55.55555555555555,100,60459,0,0,/data1/ken/onc-co-scientist/data/expected_surprising_ledger/full_runs/20260910_clinical10pct_masked_workflows/runs/a561a12e2075ee78__persistent__terra_medium__r008/report.json,0a16024911523bc794be7ea0d030c0e1abf99beb29b5e2664299b564a7205f6b
a561a12e2075ee78__sequential__astra_medium__r001,astra_medium,sequential,expected,r001,completed,1,0.6666666666666666,0.9090909090909091,76.9230769230769,64.0,100.0,110,90552,0,0,/data1/ken/onc-co-scientist/data/expected_surprising_ledger/full_runs/20260910_clinical10pct_masked_workflows/runs/a561a12e2075ee78__sequential__astra_medium__r001/report.json,9d04e0db34c1719af0c60dfaab78d48afa9f5a95067ab2ed1297695638c9a93b
a561a12e2075ee78__sequential__astra_medium__r002,astra_medium,sequential,expected,r002,completed,1,0.8333333333333334,0.9629629629629629,89.3470790378007,74.44444444444444,100.0,106,83307,0,0,/data1/ken/onc-co-scientist/data/expected_surprising_ledger/full_runs/20260910_clinical10pct_masked_workflows/runs/a561a12e2075ee78__sequential__astra_medium__r002/report.json,493bad6e95222c85215f4fba600c8e9a9e6b2b247d59920abae150d240ecd1ec
a561a12e2075ee78__sequential__astra_medium__r003,astra_medium,sequential,expected,r003,completed,1,0.8333333333333334,0.9710144927536232,89.69210174029452,64.8888888888889,,111,87841,0,0,/data1/ken/onc-co-scientist/data/expected_surprising_ledger/full_runs/20260910_clinical10pct_masked_workflows/runs/a561a12e2075ee78__sequential__astra_medium__r003/report.json,869afa351e4107525718b20c6b16c6b395abd74a28819f1f4bb0db1c1d952648
a561a12e2075ee78__sequential__astra_medium__r004,astra_medium,sequential,expected,r004,completed,1,0.6666666666666666,0.9736842105263158,79.14438502673796,63.55555555555556,100.0,109,84958,0,0,/data1/ken/onc-co-scientist/data/expected_surprising_ledger/full_runs/20260910_clinical10pct_masked_workflows/runs/a561a12e2075ee78__sequential__astra_medium__r004/report.json,dde055dee338a2b080d76a328ee69fa6537f00e7b906c3228cb7901461ea4540
a561a12e2075ee78__sequential__astra_medium__r005,astra_medium,sequential,expected,r005,completed,1,0.8333333333333334,0.9041095890410958,86.72798948751642,70.66666666666667,100.0,104,84737,0,0,/data1/ken/onc-co-scientist/data/expected_surprising_ledger/full_runs/20260910_clinical10pct_masked_workflows/runs/a561a12e2075ee78__sequential__astra_medium__r005/report.json,fd723ecae09f2d18e6ebea3cb228c9e0635734f5fa682634a825c76feae0e1ef
a561a12e2075ee78__sequential__astra_medium__r006,astra_medium,sequential,expected,r006,completed,1,0.6666666666666666,0.9759036144578314,79.21760391198043,64.44444444444444,,106,83718,0,0,/data1/ken/onc-co-scientist/data/expected_surprising_ledger/full_runs/20260910_clinical10pct_masked_workflows/runs/a561a12e2075ee78__sequential__astra_medium__r006/report.json,c5a78d26b9b3fa62bd72c6d422a2203d47b32bd079a45b029ce53f80eaa552a6
a561a12e2075ee78__sequential__astra_medium__r007,astra_medium,sequential,expected,r007,completed,1,0.6666666666666666,0.9824561403508771,79.43262411347517,64.0,100.0,106,76192,0,2,/data1/ken/onc-co-scientist/data/expected_surprising_ledger/full_runs/20260910_clinical10pct_masked_workflows/runs/a561a12e2075ee78__sequential__astra_medium__r007/report.json,92458a2a01ed42e48430f73ef3a981ba7420f548ef7fc360b946d52fff5c7cc7
a561a12e2075ee78__sequential__astra_medium__r008,astra_medium,sequential,expected,r008,completed,1,0.6666666666666666,0.9454545454545454,78.1954887218045,64.0,100.0,109,84189,0,0,/data1/ken/onc-co-scientist/data/expected_surprising_ledger/full_runs/20260910_clinical10pct_masked_workflows/runs/a561a12e2075ee78__sequential__astra_medium__r008/report.json,126b9ed752329b2a90e7e339e33bc344fec2bfedff6c7fb2b9bcf5740ee8cab7
a561a12e2075ee78__sequential__luna_medium__r001,luna_medium,sequential,expected,r001,failed,1,0.6666666666666666,0.9863013698630136,79.55801104972376,57.77777777777777,66.66666666666667,111,73836,12,0,/data1/ken/onc-co-scientist/data/expected_surprising_ledger/full_runs/20260910_clinical10pct_masked_workflows/runs/a561a12e2075ee78__sequential__luna_medium__r001/report.json,8c20b9b4928448272969467d89d5b8e3e3bf816fd6ead6bb1b5715c5aac826a1
a561a12e2075ee78__sequential__luna_medium__r002,luna_medium,sequential,expected,r002,completed,1,0.2222222222222222,0.7066666666666667,33.81180223285486,57.77777777777777,41.666666666666664,113,70645,12,0,/data1/ken/onc-co-scientist/data/expected_surprising_ledger/full_runs/20260910_clinical10pct_masked_workflows/runs/a561a12e2075ee78__sequential__luna_medium__r002/report.json,81cad97627fcc5c40beb9b58d263007a239631d9cc0b8f1855ce124820856f5b
a561a12e2075ee78__sequential__luna_medium__r003,luna_medium,sequential,expected,r003,completed,1,0.6666666666666666,0.8428571428571429,74.44794952681387,51.11111111111111,,101,67334,0,0,/data1/ken/onc-co-scientist/data/expected_surprising_ledger/full_runs/20260910_clinical10pct_masked_workflows/runs/a561a12e2075ee78__sequential__luna_medium__r003/report.json,ce8fbc5e7367e0b8270a1b7edb383886b673a967e980f96f991a4798d84495ca
a561a12e2075ee78__sequential__luna_medium__r004,luna_medium,sequential,expected,r004,completed,0,0.3333333333333333,0.9333333333333333,49.122807017543856,52.44444444444444,83.33333333333333,101,69744,0,0,/data1/ken/onc-co-scientist/data/expected_surprising_ledger/full_runs/20260910_clinical10pct_masked_workflows/runs/a561a12e2075ee78__sequential__luna_medium__r004/report.json,bf0679a52dc023b02e473140c00ac49aaf5207f2688697489b57c8965c3f5e0e
a561a12e2075ee78__sequential__luna_medium__r005,luna_medium,sequential,expected,r005,completed,0,0.4444444444444444,0.8867924528301887,59.21259842519685,43.11111111111111,100.0,101,75953,0,0,/data1/ken/onc-co-scientist/data/expected_surprising_ledger/full_runs/20260910_clinical10pct_masked_workflows/runs/a561a12e2075ee78__sequential__luna_medium__r005/report.json,7269fdc8350dc39762547be716f7cc8666e53247a8e55df672a879ea9014c8bc
a561a12e2075ee78__sequential__luna_medium__r006,luna_medium,sequential,expected,r006,completed,1,0.5555555555555555,0.8314606741573034,66.60666066606659,57.77777777777777,,103,75304,0,0,/data1/ken/onc-co-scientist/data/expected_surprising_ledger/full_runs/20260910_clinical10pct_masked_workflows/runs/a561a12e2075ee78__sequential__luna_medium__r006/report.json,396ca02169cde0ffbcf1fa81eebee4d37b31f7dfc7b09dd2165de022d89383b0
a561a12e2075ee78__sequential__luna_medium__r007,luna_medium,sequential,expected,r007,completed,1,0.6666666666666666,1.0,80.0,35.55555555555555,,100,65821,0,2,/data1/ken/onc-co-scientist/data/expected_surprising_ledger/full_runs/20260910_clinical10pct_masked_workflows/runs/a561a12e2075ee78__sequential__luna_medium__r007/report.json,9356e24fa5c094cdc79b87a0f03e88fe40e9dee3c5776599e7734e74f2126dce
a561a12e2075ee78__sequential__luna_medium__r008,luna_medium,sequential,expected,r008,completed,1,0.5555555555555555,1.0,71.42857142857143,61.333333333333336,,101,70874,0,0,/data1/ken/onc-co-scientist/data/expected_surprising_ledger/full_runs/20260910_clinical10pct_masked_workflows/runs/a561a12e2075ee78__sequential__luna_medium__r008/report.json,493620149a18fc2f5305acf628f3c619e55cb223c2f236792a7f21d7fcf6d8e7
a561a12e2075ee78__sequential__qwen_3_8_27b__r001,qwen_3_8_27b,sequential,expected,r001,completed,1,0.3333333333333333,1.0,49.99999999999999,60.88888888888889,66.66666666666667,104,373135,0,0,/data1/ken/onc-co-scientist/data/expected_surprising_ledger/full_runs/20260910_masked_vllm_recommended/runs/a561a12e2075ee78__sequential__qwen_3_8_27b__r001/report.json,3737d64e90bfc938a2f6d08853a8dca2051ab5ebc041eea0ed8cb235157ac191
a561a12e2075ee78__sequential__sol_medium__r001,sol_medium,sequential,expected,r001,completed,1,0.6666666666666666,0.9776536312849162,79.27519818799544,61.333333333333336,77.77777777777779,101,157735,1,1,/data1/ken/onc-co-scientist/data/expected_surprising_ledger/full_runs/20260910_clinical10pct_masked_workflows/runs/a561a12e2075ee78__sequential__sol_medium__r001/report.json,6dbd962bdfc1136b7bfbe88ad54032b0ae714185b1d734b6645334f7ef5679cc
a561a12e2075ee78__sequential__sol_medium__r002,sol_medium,sequential,expected,r002,completed,1,0.6666666666666666,0.8455284552845529,74.55197132616486,60.0,88.88888888888887,100,172669,0,1,/data1/ken/onc-co-scientist/data/expected_surprising_ledger/full_runs/20260910_clinical10pct_masked_workflows/runs/a561a12e2075ee78__sequential__sol_medium__r002/report.json,8bd8bfcb4a61ccfc0f16e6bcf586f6f3a3398f2505893c6473065434d72c119b
a561a12e2075ee78__sequential__sol_medium__r003,sol_medium,sequential,expected,r003,completed,1,0.6666666666666666,0.9230769230769231,77.41935483870967,62.22222222222223,83.33333333333333,101,190090,0,0,/data1/ken/onc-co-scientist/data/expected_surprising_ledger/full_runs/20260910_clinical10pct_masked_workflows/runs/a561a12e2075ee78__sequential__sol_medium__r003/report.json,60cad05b386b9cd09b33714dd52fb110dfa63f5a185c6b66b113be264f241539
a561a12e2075ee78__sequential__sol_medium__r004,sol_medium,sequential,expected,r004,completed,1,0.6666666666666666,0.9724137931034482,79.1023842917251,62.22222222222223,83.33333333333333,105,192239,0,0,/data1/ken/onc-co-scientist/data/expected_surprising_ledger/full_runs/20260910_clinical10pct_masked_workflows/runs/a561a12e2075ee78__sequential__sol_medium__r004/report.json,53faf8c6d5f8e6d8878fdeb42393af8ef68154c8367b8472161c0b1765f2a66a
a561a12e2075ee78__sequential__sol_medium__r005,sol_medium,sequential,expected,r005,completed,1,0.6666666666666666,0.95,78.3505154639175,62.22222222222223,100.0,105,187674,0,0,/data1/ken/onc-co-scientist/data/expected_surprising_ledger/full_runs/20260910_clinical10pct_masked_workflows/runs/a561a12e2075ee78__sequential__sol_medium__r005/report.json,d60b78083ef3fe9732cda0f6839b214dd540eabfa54a21d3261b68b64dd9bb9a
a561a12e2075ee78__sequential__sol_medium__r006,sol_medium,sequential,expected,r006,completed,1,0.6666666666666666,0.9593023255813954,78.66507747318235,57.77777777777777,,102,179466,0,0,/data1/ken/onc-co-scientist/data/expected_surprising_ledger/full_runs/20260910_clinical10pct_masked_workflows/runs/a561a12e2075ee78__sequential__sol_medium__r006/report.json,de52932cbd2cc7c75448bedab79aaf3c62dc905dd24bd2e868f530f7d8b2c121
a561a12e2075ee78__sequential__sol_medium__r007,sol_medium,sequential,expected,r007,completed,1,0.6666666666666666,0.9375,77.92207792207792,63.55555555555556,88.88888888888887,103,174589,0,2,/data1/ken/onc-co-scientist/data/expected_surprising_ledger/full_runs/20260910_clinical10pct_masked_workflows/runs/a561a12e2075ee78__sequential__sol_medium__r007/report.json,3041cf6ff8afcbaf50789c9168c716e89981a7cb4fb55682c876d1a1c7f94de8
a561a12e2075ee78__sequential__terra_medium__r001,terra_medium,sequential,expected,r001,completed,1,0.6666666666666666,1.0,80.0,62.22222222222223,100.0,100,61356,0,0,/data1/ken/onc-co-scientist/data/expected_surprising_ledger/full_runs/20260910_clinical10pct_masked_workflows/runs/a561a12e2075ee78__sequential__terra_medium__r001/report.json,6799c1eb4a33ce5d2b824f3d1d5642770205eb1b014b5fc7ec10421369cf3d70
a561a12e2075ee78__sequential__terra_medium__r002,terra_medium,sequential,expected,r002,completed,1,0.6666666666666666,1.0,80.0,64.44444444444444,,100,61397,0,0,/data1/ken/onc-co-scientist/data/expected_surprising_ledger/full_runs/20260910_clinical10pct_masked_workflows/runs/a561a12e2075ee78__sequential__terra_medium__r002/report.json,bd9b3281e96f007af64dfb5d96eabcce53c348a42e9d17f61d5451463b5adbf6
a561a12e2075ee78__sequential__terra_medium__r003,terra_medium,sequential,expected,r003,failed,1,0.6666666666666666,0.90625,76.82119205298012,56.0,,103,69802,0,0,/data1/ken/onc-co-scientist/data/expected_surprising_ledger/full_runs/20260910_clinical10pct_masked_workflows/runs/a561a12e2075ee78__sequential__terra_medium__r003/report.json,8c36567aa286a56579fe8cc9afe60ceadcd31b8770c2ec4ca06cc2c6c05506bf
a561a12e2075ee78__sequential__terra_medium__r004,terra_medium,sequential,expected,r004,completed,1,0.6666666666666666,1.0,80.0,64.8888888888889,100.0,101,70547,0,1,/data1/ken/onc-co-scientist/data/expected_surprising_ledger/full_runs/20260910_clinical10pct_masked_workflows/runs/a561a12e2075ee78__sequential__terra_medium__r004/report.json,b4ce96c89c9c5e9f5db696f823e9a917b42cdbbd0bb6e970dd2608bb379ea77d
a561a12e2075ee78__sequential__terra_medium__r005,terra_medium,sequential,expected,r005,completed,1,0.6666666666666666,1.0,80.0,61.333333333333336,,100,57151,0,0,/data1/ken/onc-co-scientist/data/expected_surprising_ledger/full_runs/20260910_clinical10pct_masked_workflows/runs/a561a12e2075ee78__sequential__terra_medium__r005/report.json,b29bd6db6080937a9dd6bb124531fa24bf3ab8a11d9a9aed669d2776e9241a6e
a561a12e2075ee78__sequential__terra_medium__r006,terra_medium,sequential,expected,r006,completed,1,0.6666666666666666,1.0,80.0,57.77777777777777,,100,66594,0,0,/data1/ken/onc-co-scientist/data/expected_surprising_ledger/full_runs/20260910_clinical10pct_masked_workflows/runs/a561a12e2075ee78__sequential__terra_medium__r006/report.json,517b1d41d7e11b4fed3d881a0e3a56162d87c9baf86ae43e62a491da2468b270
a561a12e2075ee78__sequential__terra_medium__r007,terra_medium,sequential,expected,r007,completed,1,0.6666666666666666,1.0,80.0,64.8888888888889,,100,52807,0,0,/data1/ken/onc-co-scientist/data/expected_surprising_ledger/full_runs/20260910_clinical10pct_masked_workflows/runs/a561a12e2075ee78__sequential__terra_medium__r007/report.json,60565cfbea0caea1ded433abab30dfd7856499133a57e07e6457affdb0367bee
a561a12e2075ee78__sequential__terra_medium__r008,terra_medium,sequential,expected,r008,completed,1,0.6666666666666666,1.0,80.0,56.0,66.66666666666667,101,71020,0,0,/data1/ken/onc-co-scientist/data/expected_surprising_ledger/full_runs/20260910_clinical10pct_masked_workflows/runs/a561a12e2075ee78__sequential__terra_medium__r008/report.json,a45b7d1057689f8c0d469f69b2eafe24a3ebde7a39f09e163672b0b833e6fad6
