model,workflow,version,replicate,masked_id,unmasked_id,unmasked_generation,masked_primary,unmasked_primary,masked_R,unmasked_R,masked_P,unmasked_P,masked_F1,unmasked_F1,masked_E,unmasked_E
astra_medium,deliberative,surprising,r001,1a87643398283251__deliberative__astra_medium__r001,997d9404f1e89442__deliberative__astra_medium__r001,original,1.0,1,0.6666666666666666,0.6666666666666666,0.9375,0.9722222222222222,77.92207792207792,79.09604519774011,64.66666666666667,64.66666666666667
astra_medium,deliberative,surprising,r002,1a87643398283251__deliberative__astra_medium__r002,997d9404f1e89442__deliberative__astra_medium__r002,replacement,1.0,1,0.6666666666666666,0.6666666666666666,1.0,1.0,80.0,80.0,64.0,65.33333333333333
astra_medium,deliberative,surprising,r003,1a87643398283251__deliberative__astra_medium__r003,997d9404f1e89442__deliberative__astra_medium__r003,original,1.0,1,0.6666666666666666,0.6666666666666666,1.0,1.0,80.0,80.0,62.666666666666664,64.66666666666667
astra_medium,deliberative,surprising,r004,1a87643398283251__deliberative__astra_medium__r004,997d9404f1e89442__deliberative__astra_medium__r004,original,1.0,1,0.6666666666666666,0.6666666666666666,1.0,0.9803921568627451,80.0,79.36507936507934,64.66666666666667,64.66666666666667
astra_medium,deliberative,surprising,r005,1a87643398283251__deliberative__astra_medium__r005,997d9404f1e89442__deliberative__astra_medium__r005,original,1.0,1,0.6666666666666666,0.6666666666666666,1.0,1.0,80.0,80.0,64.0,64.66666666666667
astra_medium,deliberative,surprising,r006,1a87643398283251__deliberative__astra_medium__r006,997d9404f1e89442__deliberative__astra_medium__r006,original,1.0,1,0.6666666666666666,0.6666666666666666,0.8113207547169812,0.9787234042553191,73.19148936170212,79.31034482758619,64.66666666666667,64.66666666666667
luna_medium,deliberative,surprising,r001,1a87643398283251__deliberative__luna_medium__r001,997d9404f1e89442__deliberative__luna_medium__r001,original,1.0,0,0.3333333333333333,0.0,0.9504950495049505,0.7142857142857143,49.35732647814909,0.0,33.333333333333336,0.0
luna_medium,deliberative,surprising,r003,1a87643398283251__deliberative__luna_medium__r003,997d9404f1e89442__deliberative__luna_medium__r003,original,1.0,0,0.6666666666666666,0.16666666666666666,1.0,0.6666666666666666,80.0,26.666666666666664,64.66666666666667,50.0
luna_medium,deliberative,surprising,r004,1a87643398283251__deliberative__luna_medium__r004,997d9404f1e89442__deliberative__luna_medium__r004,replacement,0.0,0,0.0,0.16666666666666666,0.9104477611940298,0.6774193548387096,0.0,26.751592356687894,33.333333333333336,33.333333333333336
luna_medium,deliberative,surprising,r005,1a87643398283251__deliberative__luna_medium__r005,997d9404f1e89442__deliberative__luna_medium__r005,original,0.0,0,0.3333333333333333,0.0,0.7,0.8333333333333334,45.16129032258064,0.0,50.0,0.0
luna_medium,deliberative,surprising,r006,1a87643398283251__deliberative__luna_medium__r006,997d9404f1e89442__deliberative__luna_medium__r006,replacement,1.0,0,0.6666666666666666,0.16666666666666666,1.0,0.8775510204081632,80.0,28.01302931596091,57.333333333333336,33.333333333333336
luna_medium,deliberative,surprising,r007,1a87643398283251__deliberative__luna_medium__r007,997d9404f1e89442__deliberative__luna_medium__r007,original,1.0,0,0.16666666666666666,0.0,1.0,0.5869565217391305,28.571428571428566,0.0,50.0,0.0
sol_medium,deliberative,surprising,r001,1a87643398283251__deliberative__sol_medium__r001,997d9404f1e89442__deliberative__sol_medium__r001,replacement,1.0,1,0.6666666666666666,0.6666666666666666,0.9727272727272728,0.9239130434782609,79.11275415896488,77.44874715261957,59.333333333333336,65.33333333333333
sol_medium,deliberative,surprising,r002,1a87643398283251__deliberative__sol_medium__r002,997d9404f1e89442__deliberative__sol_medium__r002,replacement,1.0,0,0.6666666666666666,0.16666666666666666,0.9629629629629629,0.9452054794520548,78.78787878787878,28.33675564681724,60.666666666666664,16.0
sol_medium,deliberative,surprising,r003,1a87643398283251__deliberative__sol_medium__r003,997d9404f1e89442__deliberative__sol_medium__r003,replacement,1.0,0,0.6666666666666666,0.3333333333333333,0.927710843373494,0.8026315789473685,77.58186397984886,47.104247104247094,62.666666666666664,65.33333333333333
sol_medium,deliberative,surprising,r004,1a87643398283251__deliberative__sol_medium__r004,997d9404f1e89442__deliberative__sol_medium__r004,original,1.0,0,0.6666666666666666,0.16666666666666666,1.0,0.8571428571428571,80.0,27.906976744186043,62.666666666666664,16.0
sol_medium,deliberative,surprising,r005,1a87643398283251__deliberative__sol_medium__r005,997d9404f1e89442__deliberative__sol_medium__r005,original,1.0,1,0.6666666666666666,0.6666666666666666,0.967741935483871,0.9605263157894737,78.94736842105263,78.70619946091642,61.333333333333336,66.0
terra_medium,deliberative,surprising,r001,1a87643398283251__deliberative__terra_medium__r001,997d9404f1e89442__deliberative__terra_medium__r001,original,1.0,0,0.6666666666666666,0.16666666666666666,1.0,1.0,80.0,28.571428571428566,65.33333333333333,16.666666666666668
terra_medium,deliberative,surprising,r002,1a87643398283251__deliberative__terra_medium__r002,997d9404f1e89442__deliberative__terra_medium__r002,original,1.0,0,0.6666666666666666,0.3333333333333333,1.0,0.9523809523809523,80.0,49.38271604938271,64.0,66.66666666666667
terra_medium,deliberative,surprising,r003,1a87643398283251__deliberative__terra_medium__r003,997d9404f1e89442__deliberative__terra_medium__r003,replacement,1.0,1,0.6666666666666666,0.6666666666666666,0.64,1.0,65.3061224489796,80.0,62.0,66.66666666666667
terra_medium,deliberative,surprising,r004,1a87643398283251__deliberative__terra_medium__r004,997d9404f1e89442__deliberative__terra_medium__r004,original,1.0,0,0.6666666666666666,0.5,1.0,0.8888888888888888,80.0,64.0,65.33333333333333,66.66666666666667
terra_medium,deliberative,surprising,r005,1a87643398283251__deliberative__terra_medium__r005,997d9404f1e89442__deliberative__terra_medium__r005,original,1.0,0,0.6666666666666666,0.5,1.0,0.9047619047619048,80.0,64.40677966101696,65.33333333333333,64.66666666666667
terra_medium,deliberative,surprising,r006,1a87643398283251__deliberative__terra_medium__r006,997d9404f1e89442__deliberative__terra_medium__r006,original,1.0,0,0.6666666666666666,0.3333333333333333,0.98,1.0,79.35222672064778,49.99999999999999,50.666666666666664,66.66666666666667
terra_medium,deliberative,surprising,r007,1a87643398283251__deliberative__terra_medium__r007,997d9404f1e89442__deliberative__terra_medium__r007,replacement,1.0,1,0.6666666666666666,0.5,1.0,1.0,80.0,66.66666666666667,58.666666666666664,50.0
terra_medium,deliberative,surprising,r008,1a87643398283251__deliberative__terra_medium__r008,997d9404f1e89442__deliberative__terra_medium__r008,replacement,1.0,0,0.6666666666666666,0.16666666666666666,1.0,0.9655172413793104,80.0,28.42639593908629,50.0,64.66666666666667
astra_medium,persistent,surprising,r001,1a87643398283251__persistent__astra_medium__r001,997d9404f1e89442__persistent__astra_medium__r001,original,1.0,1,0.8333333333333334,0.6666666666666666,0.9814814814814815,0.9354838709677419,90.13605442176872,77.85234899328857,66.0,65.33333333333333
astra_medium,persistent,surprising,r002,1a87643398283251__persistent__astra_medium__r002,997d9404f1e89442__persistent__astra_medium__r002,original,1.0,1,0.6666666666666666,0.6666666666666666,0.8392857142857143,0.8108108108108109,74.30830039525691,73.17073170731706,64.0,65.33333333333333
astra_medium,persistent,surprising,r003,1a87643398283251__persistent__astra_medium__r003,997d9404f1e89442__persistent__astra_medium__r003,replacement,1.0,1,0.6666666666666666,0.6666666666666666,1.0,0.9523809523809523,80.0,78.43137254901958,64.66666666666667,65.33333333333333
astra_medium,persistent,surprising,r004,1a87643398283251__persistent__astra_medium__r004,997d9404f1e89442__persistent__astra_medium__r004,original,1.0,1,0.6666666666666666,0.6666666666666666,1.0,1.0,80.0,80.0,64.0,65.33333333333333
astra_medium,persistent,surprising,r005,1a87643398283251__persistent__astra_medium__r005,997d9404f1e89442__persistent__astra_medium__r005,original,1.0,1,0.6666666666666666,0.6666666666666666,0.9827586206896551,1.0,79.44250871080139,80.0,64.0,65.33333333333333
astra_medium,persistent,surprising,r006,1a87643398283251__persistent__astra_medium__r006,997d9404f1e89442__persistent__astra_medium__r006,original,1.0,1,0.6666666666666666,0.6666666666666666,1.0,0.9591836734693877,80.0,78.66108786610879,64.66666666666667,64.66666666666667
astra_medium,persistent,surprising,r007,1a87643398283251__persistent__astra_medium__r007,997d9404f1e89442__persistent__astra_medium__r007,replacement,1.0,1,0.6666666666666666,0.6666666666666666,0.9,0.9375,76.59574468085106,77.92207792207792,64.0,65.33333333333333
astra_medium,persistent,surprising,r008,1a87643398283251__persistent__astra_medium__r008,997d9404f1e89442__persistent__astra_medium__r008,replacement,1.0,1,0.6666666666666666,0.6666666666666666,0.8888888888888888,1.0,76.19047619047618,80.0,64.66666666666667,64.66666666666667
luna_medium,persistent,surprising,r001,1a87643398283251__persistent__luna_medium__r001,997d9404f1e89442__persistent__luna_medium__r001,original,1.0,0,0.5,0.3333333333333333,0.7291666666666666,0.8674698795180723,59.32203389830509,48.16053511705685,60.0,53.333333333333336
luna_medium,persistent,surprising,r002,1a87643398283251__persistent__luna_medium__r002,997d9404f1e89442__persistent__luna_medium__r002,original,0.0,0,0.5,0.0,0.7358490566037735,0.5,59.541984732824424,0.0,64.66666666666667,0.0
luna_medium,persistent,surprising,r003,1a87643398283251__persistent__luna_medium__r003,997d9404f1e89442__persistent__luna_medium__r003,original,1.0,0,0.5,0.0,0.6333333333333333,0.765625,55.88235294117647,0.0,44.0,0.0
luna_medium,persistent,surprising,r005,1a87643398283251__persistent__luna_medium__r005,997d9404f1e89442__persistent__luna_medium__r005,original,1.0,1,0.5,0.5,1.0,0.8933333333333333,66.66666666666667,64.11483253588517,43.333333333333336,50.0
luna_medium,persistent,surprising,r007,1a87643398283251__persistent__luna_medium__r007,997d9404f1e89442__persistent__luna_medium__r007,original,0.0,0,0.16666666666666666,0.3333333333333333,0.9253731343283582,0.7818181818181819,28.246013667425963,46.7391304347826,16.666666666666668,65.33333333333333
luna_medium,persistent,surprising,r008,1a87643398283251__persistent__luna_medium__r008,997d9404f1e89442__persistent__luna_medium__r008,replacement,0.0,0,0.16666666666666666,0.0,0.5,0.6133333333333333,24.999999999999996,0.0,53.333333333333336,0.0
qwen_3_8_27b,persistent,surprising,r001,1a87643398283251__persistent__qwen_3_8_27b__r001,997d9404f1e89442__persistent__qwen_3_8_27b__r001,vllm_replacement,1.0,1,0.6666666666666666,0.6666666666666666,1.0,1.0,80.0,80.0,60.666666666666664,64.66666666666667
sol_medium,persistent,surprising,r001,1a87643398283251__persistent__sol_medium__r001,997d9404f1e89442__persistent__sol_medium__r001,original,1.0,1,0.6666666666666666,0.6666666666666666,0.9461538461538461,0.9894736842105263,78.21939586645468,79.66101694915254,64.66666666666667,65.33333333333333
sol_medium,persistent,surprising,r002,1a87643398283251__persistent__sol_medium__r002,997d9404f1e89442__persistent__sol_medium__r002,original,1.0,1,0.6666666666666666,0.6666666666666666,0.7290322580645161,0.7731958762886598,69.64560862865947,71.59904534606204,61.333333333333336,65.33333333333333
sol_medium,persistent,surprising,r003,1a87643398283251__persistent__sol_medium__r003,997d9404f1e89442__persistent__sol_medium__r003,replacement,1.0,0,0.6666666666666666,0.16666666666666666,1.0,0.8260869565217391,80.0,27.73722627737226,63.333333333333336,15.333333333333334
sol_medium,persistent,surprising,r004,1a87643398283251__persistent__sol_medium__r004,997d9404f1e89442__persistent__sol_medium__r004,original,1.0,1,0.6666666666666666,0.6666666666666666,0.9603960396039604,0.95,78.70182555780931,78.3505154639175,62.666666666666664,64.66666666666667
sol_medium,persistent,surprising,r005,1a87643398283251__persistent__sol_medium__r005,997d9404f1e89442__persistent__sol_medium__r005,original,1.0,1,0.6666666666666666,0.6666666666666666,0.9739130434782609,0.9770992366412213,79.15194346289752,79.25696594427244,62.666666666666664,64.0
sol_medium,persistent,surprising,r006,1a87643398283251__persistent__sol_medium__r006,997d9404f1e89442__persistent__sol_medium__r006,original,1.0,1,0.6666666666666666,0.6666666666666666,0.8918918918918919,0.9624060150375939,76.30057803468208,78.76923076923076,62.666666666666664,65.33333333333333
sol_medium,persistent,surprising,r007,1a87643398283251__persistent__sol_medium__r007,997d9404f1e89442__persistent__sol_medium__r007,original,1.0,1,0.6666666666666666,0.6666666666666666,0.9875776397515528,0.8561643835616438,79.59949937421776,74.96251874062968,59.333333333333336,66.66666666666667
terra_medium,persistent,surprising,r001,1a87643398283251__persistent__terra_medium__r001,997d9404f1e89442__persistent__terra_medium__r001,original,1.0,0,0.6666666666666666,0.5,1.0,0.9615384615384616,80.0,65.78947368421052,65.33333333333333,66.0
terra_medium,persistent,surprising,r002,1a87643398283251__persistent__terra_medium__r002,997d9404f1e89442__persistent__terra_medium__r002,original,1.0,1,0.6666666666666666,0.6666666666666666,1.0,1.0,80.0,80.0,65.33333333333333,66.66666666666667
terra_medium,persistent,surprising,r003,1a87643398283251__persistent__terra_medium__r003,997d9404f1e89442__persistent__terra_medium__r003,original,1.0,1,0.6666666666666666,0.6666666666666666,1.0,0.975609756097561,80.0,79.20792079207921,64.0,63.333333333333336
terra_medium,persistent,surprising,r004,1a87643398283251__persistent__terra_medium__r004,997d9404f1e89442__persistent__terra_medium__r004,original,1.0,1,0.3333333333333333,0.6666666666666666,1.0,1.0,49.99999999999999,80.0,64.0,63.333333333333336
terra_medium,persistent,surprising,r005,1a87643398283251__persistent__terra_medium__r005,997d9404f1e89442__persistent__terra_medium__r005,original,1.0,1,0.6666666666666666,0.6666666666666666,1.0,0.9583333333333334,80.0,78.63247863247862,64.66666666666667,66.0
terra_medium,persistent,surprising,r006,1a87643398283251__persistent__terra_medium__r006,997d9404f1e89442__persistent__terra_medium__r006,original,0.0,1,0.5,0.6666666666666666,0.7941176470588235,0.88,61.36363636363637,75.86206896551722,64.66666666666667,66.0
terra_medium,persistent,surprising,r007,1a87643398283251__persistent__terra_medium__r007,997d9404f1e89442__persistent__terra_medium__r007,original,1.0,0,0.6666666666666666,0.3333333333333333,1.0,0.9838709677419355,80.0,49.79591836734693,65.33333333333333,66.0
terra_medium,persistent,surprising,r008,1a87643398283251__persistent__terra_medium__r008,997d9404f1e89442__persistent__terra_medium__r008,replacement,1.0,1,0.6666666666666666,0.6666666666666666,0.9878048780487805,1.0,79.6068796068796,80.0,65.33333333333333,66.66666666666667
terra_medium,persistent,surprising,r009,1a87643398283251__persistent__terra_medium__r009,997d9404f1e89442__persistent__terra_medium__r009,replacement,1.0,0,0.6666666666666666,0.5,1.0,0.975,80.0,66.10169491525423,65.33333333333333,66.0
astra_medium,sequential,surprising,r001,1a87643398283251__sequential__astra_medium__r001,997d9404f1e89442__sequential__astra_medium__r001,original,1.0,1,0.8333333333333334,0.6666666666666666,0.94,0.9272727272727272,88.34586466165415,77.56653992395437,68.0,65.33333333333333
astra_medium,sequential,surprising,r002,1a87643398283251__sequential__astra_medium__r002,997d9404f1e89442__sequential__astra_medium__r002,original,1.0,1,0.6666666666666666,0.6666666666666666,0.9827586206896551,0.9473684210526315,79.44250871080139,78.26086956521739,64.66666666666667,65.33333333333333
astra_medium,sequential,surprising,r003,1a87643398283251__sequential__astra_medium__r003,997d9404f1e89442__sequential__astra_medium__r003,replacement,1.0,1,0.6666666666666666,1.0,0.78,0.9404761904761905,71.88940092165898,96.93251533742331,64.66666666666667,76.0
astra_medium,sequential,surprising,r004,1a87643398283251__sequential__astra_medium__r004,997d9404f1e89442__sequential__astra_medium__r004,original,1.0,1,0.6666666666666666,0.6666666666666666,1.0,1.0,80.0,80.0,64.0,65.33333333333333
astra_medium,sequential,surprising,r005,1a87643398283251__sequential__astra_medium__r005,997d9404f1e89442__sequential__astra_medium__r005,original,1.0,1,0.6666666666666666,0.6666666666666666,0.7450980392156863,1.0,70.37037037037037,80.0,64.66666666666667,65.33333333333333
astra_medium,sequential,surprising,r006,1a87643398283251__sequential__astra_medium__r006,997d9404f1e89442__sequential__astra_medium__r006,original,1.0,1,0.6666666666666666,0.6666666666666666,0.7692307692307693,0.9642857142857143,71.42857142857142,78.83211678832116,64.66666666666667,64.66666666666667
astra_medium,sequential,surprising,r007,1a87643398283251__sequential__astra_medium__r007,997d9404f1e89442__sequential__astra_medium__r007,original,1.0,1,0.6666666666666666,0.6666666666666666,0.8955223880597015,1.0,76.43312101910827,80.0,64.66666666666667,65.33333333333333
astra_medium,sequential,surprising,r008,1a87643398283251__sequential__astra_medium__r008,997d9404f1e89442__sequential__astra_medium__r008,replacement,1.0,1,0.6666666666666666,0.6666666666666666,0.9814814814814815,0.9285714285714286,79.4007490636704,77.61194029850745,64.66666666666667,64.66666666666667
luna_medium,sequential,surprising,r001,1a87643398283251__sequential__luna_medium__r001,997d9404f1e89442__sequential__luna_medium__r001,original,1.0,0,0.5,0.0,1.0,0.8085106382978723,66.66666666666667,0.0,42.666666666666664,16.666666666666668
luna_medium,sequential,surprising,r002,1a87643398283251__sequential__luna_medium__r002,997d9404f1e89442__sequential__luna_medium__r002,original,0.0,0,0.16666666666666666,0.0,0.7848101265822784,0.5161290322580645,27.494456762749444,0.0,28.0,0.0
luna_medium,sequential,surprising,r003,1a87643398283251__sequential__luna_medium__r003,997d9404f1e89442__sequential__luna_medium__r003,original,1.0,0,0.3333333333333333,0.16666666666666666,1.0,0.5294117647058824,49.99999999999999,25.352112676056336,33.333333333333336,64.66666666666667
luna_medium,sequential,surprising,r004,1a87643398283251__sequential__luna_medium__r004,997d9404f1e89442__sequential__luna_medium__r004,original,0.0,0,0.16666666666666666,0.16666666666666666,0.4264705882352941,0.6363636363636364,23.966942148760324,26.415094339622637,50.0,46.0
luna_medium,sequential,surprising,r005,1a87643398283251__sequential__luna_medium__r005,997d9404f1e89442__sequential__luna_medium__r005,original,1.0,0,0.5,0.0,0.8484848484848485,0.8333333333333334,62.92134831460673,0.0,61.333333333333336,33.333333333333336
luna_medium,sequential,surprising,r006,1a87643398283251__sequential__luna_medium__r006,997d9404f1e89442__sequential__luna_medium__r006,original,1.0,0,0.5,0.3333333333333333,0.9636363636363636,0.47619047619047616,65.83850931677019,39.21568627450979,60.666666666666664,56.0
luna_medium,sequential,surprising,r007,1a87643398283251__sequential__luna_medium__r007,997d9404f1e89442__sequential__luna_medium__r007,original,1.0,0,0.6666666666666666,0.0,1.0,0.64,80.0,0.0,54.0,61.333333333333336
luna_medium,sequential,surprising,r008,1a87643398283251__sequential__luna_medium__r008,997d9404f1e89442__sequential__luna_medium__r008,replacement,0.0,0,0.16666666666666666,0.0,0.99,0.0,28.53025936599423,0.0,16.666666666666668,16.666666666666668
sol_medium,sequential,surprising,r001,1a87643398283251__sequential__sol_medium__r001,997d9404f1e89442__sequential__sol_medium__r001,original,1.0,1,0.6666666666666666,0.6666666666666666,0.926829268292683,0.9770114942528736,77.55102040816325,79.25407925407924,62.0,66.66666666666667
sol_medium,sequential,surprising,r002,1a87643398283251__sequential__sol_medium__r002,997d9404f1e89442__sequential__sol_medium__r002,original,1.0,1,0.6666666666666666,0.6666666666666666,0.9625,0.8857142857142857,78.77237851662403,76.07361963190183,63.333333333333336,65.33333333333333
sol_medium,sequential,surprising,r003,1a87643398283251__sequential__sol_medium__r003,997d9404f1e89442__sequential__sol_medium__r003,original,1.0,1,0.6666666666666666,0.6666666666666666,0.7525773195876289,0.8362068965517241,70.70217917675545,74.18738049713193,64.66666666666667,66.0
sol_medium,sequential,surprising,r004,1a87643398283251__sequential__sol_medium__r004,997d9404f1e89442__sequential__sol_medium__r004,original,1.0,1,0.6666666666666666,0.6666666666666666,0.9530201342281879,0.7830188679245284,78.45303867403312,72.01735357917569,62.0,65.33333333333333
sol_medium,sequential,surprising,r005,1a87643398283251__sequential__sol_medium__r005,997d9404f1e89442__sequential__sol_medium__r005,replacement,1.0,0,0.6666666666666666,0.3333333333333333,0.8333333333333334,0.9078947368421053,74.07407407407406,48.763250883392224,60.666666666666664,66.66666666666667
sol_medium,sequential,surprising,r006,1a87643398283251__sequential__sol_medium__r006,997d9404f1e89442__sequential__sol_medium__r006,original,1.0,1,0.6666666666666666,0.6666666666666666,0.9814814814814815,0.9318181818181818,79.4007490636704,77.72511848341232,62.0,64.66666666666667
sol_medium,sequential,surprising,r007,1a87643398283251__sequential__sol_medium__r007,997d9404f1e89442__sequential__sol_medium__r007,original,1.0,1,0.6666666666666666,0.6666666666666666,0.8545454545454545,0.9411764705882353,74.9003984063745,78.04878048780486,63.333333333333336,64.66666666666667
sol_medium,sequential,surprising,r008,1a87643398283251__sequential__sol_medium__r008,997d9404f1e89442__sequential__sol_medium__r008,replacement,1.0,1,0.6666666666666666,0.6666666666666666,0.958041958041958,0.8987341772151899,78.62266857962696,76.54986522911051,56.666666666666664,66.0
terra_medium,sequential,surprising,r001,1a87643398283251__sequential__terra_medium__r001,997d9404f1e89442__sequential__terra_medium__r001,original,1.0,1,0.6666666666666666,0.6666666666666666,1.0,1.0,80.0,80.0,64.0,60.666666666666664
terra_medium,sequential,surprising,r002,1a87643398283251__sequential__terra_medium__r002,997d9404f1e89442__sequential__terra_medium__r002,original,1.0,0,0.6666666666666666,0.5,1.0,0.95,80.0,65.51724137931035,62.666666666666664,65.33333333333333
terra_medium,sequential,surprising,r003,1a87643398283251__sequential__terra_medium__r003,997d9404f1e89442__sequential__terra_medium__r003,original,1.0,0,0.6666666666666666,0.16666666666666666,1.0,0.9629629629629629,80.0,28.415300546448083,64.0,50.0
terra_medium,sequential,surprising,r004,1a87643398283251__sequential__terra_medium__r004,997d9404f1e89442__sequential__terra_medium__r004,original,1.0,1,0.6666666666666666,0.6666666666666666,0.8695652173913043,0.967741935483871,75.47169811320754,78.94736842105263,65.33333333333333,62.666666666666664
terra_medium,sequential,surprising,r005,1a87643398283251__sequential__terra_medium__r005,997d9404f1e89442__sequential__terra_medium__r005,original,1.0,1,0.5,0.6666666666666666,1.0,0.8666666666666667,66.66666666666667,75.3623188405797,63.333333333333336,66.66666666666667
terra_medium,sequential,surprising,r006,1a87643398283251__sequential__terra_medium__r006,997d9404f1e89442__sequential__terra_medium__r006,original,1.0,1,0.6666666666666666,0.6666666666666666,1.0,0.9473684210526315,80.0,78.26086956521739,61.333333333333336,66.66666666666667
terra_medium,sequential,surprising,r007,1a87643398283251__sequential__terra_medium__r007,997d9404f1e89442__sequential__terra_medium__r007,original,1.0,1,0.6666666666666666,0.6666666666666666,0.9047619047619048,0.8541666666666666,76.76767676767676,74.88584474885845,63.333333333333336,66.0
terra_medium,sequential,surprising,r008,1a87643398283251__sequential__terra_medium__r008,997d9404f1e89442__sequential__terra_medium__r008,replacement,1.0,0,0.6666666666666666,0.3333333333333333,1.0,0.9210526315789473,80.0,48.951048951048946,58.666666666666664,54.0
astra_medium,deliberative,expected,r001,a561a12e2075ee78__deliberative__astra_medium__r001,0dfe6f786ad7dd9d__deliberative__astra_medium__r001,original,1.0,1,0.6666666666666666,0.8333333333333334,1.0,1.0,80.0,90.9090909090909,64.0,74.44444444444444
astra_medium,deliberative,expected,r002,a561a12e2075ee78__deliberative__astra_medium__r002,0dfe6f786ad7dd9d__deliberative__astra_medium__r002,original,1.0,1,0.6666666666666666,0.6666666666666666,1.0,1.0,80.0,80.0,64.0,65.77777777777777
astra_medium,deliberative,expected,r003,a561a12e2075ee78__deliberative__astra_medium__r003,0dfe6f786ad7dd9d__deliberative__astra_medium__r003,replacement,1.0,1,0.6666666666666666,0.6666666666666666,0.9636363636363636,0.9591836734693877,78.81040892193307,78.66108786610879,64.0,65.33333333333333
astra_medium,deliberative,expected,r004,a561a12e2075ee78__deliberative__astra_medium__r004,0dfe6f786ad7dd9d__deliberative__astra_medium__r004,original,1.0,1,0.6666666666666666,0.6666666666666666,0.9830508474576272,0.9824561403508771,79.45205479452054,79.43262411347517,64.44444444444444,65.77777777777777
astra_medium,deliberative,expected,r005,a561a12e2075ee78__deliberative__astra_medium__r005,0dfe6f786ad7dd9d__deliberative__astra_medium__r005,original,1.0,1,0.6666666666666666,0.6666666666666666,0.8888888888888888,1.0,76.19047619047618,80.0,63.55555555555556,64.44444444444444
luna_medium,deliberative,expected,r001,a561a12e2075ee78__deliberative__luna_medium__r001,0dfe6f786ad7dd9d__deliberative__luna_medium__r001,original,0.0,0,0.1111111111111111,0.1111111111111111,1.0,0.30303030303030304,20.0,16.260162601626014,11.11111111111111,44.44444444444444
luna_medium,deliberative,expected,r002,a561a12e2075ee78__deliberative__luna_medium__r002,0dfe6f786ad7dd9d__deliberative__luna_medium__r002,original,0.0,0,0.1111111111111111,0.0,0.6862745098039216,0.6428571428571429,19.12568306010929,0.0,11.11111111111111,33.333333333333336
luna_medium,deliberative,expected,r003,a561a12e2075ee78__deliberative__luna_medium__r003,0dfe6f786ad7dd9d__deliberative__luna_medium__r003,replacement,1.0,0,0.3333333333333333,0.1111111111111111,0.8313253012048193,0.90625,47.586206896551715,19.79522184300341,25.333333333333332,44.44444444444444
luna_medium,deliberative,expected,r004,a561a12e2075ee78__deliberative__luna_medium__r004,0dfe6f786ad7dd9d__deliberative__luna_medium__r004,original,1.0,0,0.5555555555555555,0.0,0.9605263157894737,0.0,70.39537126325939,0.0,49.77777777777777,0.0
luna_medium,deliberative,expected,r005,a561a12e2075ee78__deliberative__luna_medium__r005,0dfe6f786ad7dd9d__deliberative__luna_medium__r005,original,1.0,0,0.6666666666666666,0.0,1.0,0.8767123287671232,80.0,0.0,60.44444444444444,0.0
luna_medium,deliberative,expected,r006,a561a12e2075ee78__deliberative__luna_medium__r006,0dfe6f786ad7dd9d__deliberative__luna_medium__r006,original,1.0,0,0.2222222222222222,0.0,0.8448275862068966,0.2647058823529412,35.188509874326755,0.0,22.22222222222222,0.0
luna_medium,deliberative,expected,r007,a561a12e2075ee78__deliberative__luna_medium__r007,0dfe6f786ad7dd9d__deliberative__luna_medium__r007,original,1.0,0,0.2222222222222222,0.0,0.8507462686567164,0.9210526315789473,35.23956723338485,0.0,47.11111111111111,0.0
sol_medium,deliberative,expected,r001,a561a12e2075ee78__deliberative__sol_medium__r001,0dfe6f786ad7dd9d__deliberative__sol_medium__r001,original,1.0,1,0.6666666666666666,0.6666666666666666,0.8181818181818182,0.9629629629629629,73.46938775510203,78.78787878787878,62.22222222222223,65.33333333333333
sol_medium,deliberative,expected,r002,a561a12e2075ee78__deliberative__sol_medium__r002,0dfe6f786ad7dd9d__deliberative__sol_medium__r002,replacement,1.0,1,0.6666666666666666,0.3333333333333333,0.9433962264150944,0.9861111111111112,78.12499999999999,49.82456140350877,60.0,59.11111111111111
sol_medium,deliberative,expected,r003,a561a12e2075ee78__deliberative__sol_medium__r003,0dfe6f786ad7dd9d__deliberative__sol_medium__r003,replacement,1.0,1,0.6666666666666666,0.6666666666666666,0.9097744360902256,0.8625,76.94753577106516,75.20435967302451,61.77777777777777,66.66666666666667
sol_medium,deliberative,expected,r004,a561a12e2075ee78__deliberative__sol_medium__r004,0dfe6f786ad7dd9d__deliberative__sol_medium__r004,original,1.0,0,0.6666666666666666,0.1111111111111111,0.9439252336448598,0.9642857142857143,78.14313346228238,19.92619926199262,60.88888888888889,9.777777777777777
sol_medium,deliberative,expected,r005,a561a12e2075ee78__deliberative__sol_medium__r005,0dfe6f786ad7dd9d__deliberative__sol_medium__r005,original,1.0,1,0.6666666666666666,0.6666666666666666,0.9848484848484849,0.967741935483871,79.51070336391437,78.94736842105263,62.22222222222223,65.33333333333333
terra_medium,deliberative,expected,r001,a561a12e2075ee78__deliberative__terra_medium__r001,0dfe6f786ad7dd9d__deliberative__terra_medium__r001,original,1.0,1,0.6666666666666666,0.3333333333333333,1.0,0.9130434782608695,80.0,48.83720930232557,59.55555555555556,66.66666666666667
terra_medium,deliberative,expected,r002,a561a12e2075ee78__deliberative__terra_medium__r002,0dfe6f786ad7dd9d__deliberative__terra_medium__r002,original,1.0,1,0.6666666666666666,0.6666666666666666,1.0,0.8571428571428571,80.0,74.99999999999999,62.22222222222223,65.77777777777777
terra_medium,deliberative,expected,r003,a561a12e2075ee78__deliberative__terra_medium__r003,0dfe6f786ad7dd9d__deliberative__terra_medium__r003,original,1.0,1,0.6666666666666666,0.6666666666666666,0.9761904761904762,0.9393939393939394,79.2270531400966,77.9874213836478,59.11111111111111,66.66666666666667
terra_medium,deliberative,expected,r004,a561a12e2075ee78__deliberative__terra_medium__r004,0dfe6f786ad7dd9d__deliberative__terra_medium__r004,original,0.0,1,0.4444444444444444,0.6666666666666666,1.0,1.0,61.53846153846154,80.0,45.333333333333336,65.33333333333333
terra_medium,deliberative,expected,r005,a561a12e2075ee78__deliberative__terra_medium__r005,0dfe6f786ad7dd9d__deliberative__terra_medium__r005,original,1.0,1,0.6666666666666666,0.6666666666666666,1.0,1.0,80.0,80.0,62.22222222222223,64.44444444444444
terra_medium,deliberative,expected,r007,a561a12e2075ee78__deliberative__terra_medium__r007,0dfe6f786ad7dd9d__deliberative__terra_medium__r007,replacement,1.0,0,0.6666666666666666,0.1111111111111111,1.0,0.9565217391304348,80.0,19.909502262443436,60.88888888888889,10.666666666666666
terra_medium,deliberative,expected,r008,a561a12e2075ee78__deliberative__terra_medium__r008,0dfe6f786ad7dd9d__deliberative__terra_medium__r008,replacement,1.0,1,0.6666666666666666,0.6666666666666666,1.0,1.0,80.0,80.0,63.55555555555556,63.11111111111111
astra_medium,persistent,expected,r001,a561a12e2075ee78__persistent__astra_medium__r001,0dfe6f786ad7dd9d__persistent__astra_medium__r001,original,1.0,1,0.6666666666666666,0.6666666666666666,0.8571428571428571,1.0,74.99999999999999,80.0,64.44444444444444,66.22222222222223
astra_medium,persistent,expected,r002,a561a12e2075ee78__persistent__astra_medium__r002,0dfe6f786ad7dd9d__persistent__astra_medium__r002,original,1.0,1,0.6666666666666666,0.6666666666666666,0.9583333333333334,1.0,78.63247863247862,80.0,64.44444444444444,65.77777777777777
astra_medium,persistent,expected,r003,a561a12e2075ee78__persistent__astra_medium__r003,0dfe6f786ad7dd9d__persistent__astra_medium__r003,original,1.0,1,0.6666666666666666,0.6666666666666666,0.958904109589041,0.9444444444444444,78.65168539325842,78.16091954022987,63.55555555555556,65.33333333333333
astra_medium,persistent,expected,r004,a561a12e2075ee78__persistent__astra_medium__r004,0dfe6f786ad7dd9d__persistent__astra_medium__r004,original,1.0,1,0.6666666666666666,0.6666666666666666,1.0,1.0,80.0,80.0,64.44444444444444,65.77777777777777
astra_medium,persistent,expected,r005,a561a12e2075ee78__persistent__astra_medium__r005,0dfe6f786ad7dd9d__persistent__astra_medium__r005,original,1.0,1,0.6666666666666666,0.6666666666666666,0.8888888888888888,1.0,76.19047619047618,80.0,64.44444444444444,65.77777777777777
astra_medium,persistent,expected,r006,a561a12e2075ee78__persistent__astra_medium__r006,0dfe6f786ad7dd9d__persistent__astra_medium__r006,original,1.0,1,0.6666666666666666,0.8333333333333334,0.9615384615384616,1.0,78.74015748031496,90.9090909090909,64.0,66.44444444444444
astra_medium,persistent,expected,r007,a561a12e2075ee78__persistent__astra_medium__r007,0dfe6f786ad7dd9d__persistent__astra_medium__r007,original,1.0,1,0.6666666666666666,0.6666666666666666,0.8695652173913043,0.9655172413793104,75.47169811320754,78.8732394366197,64.44444444444444,65.77777777777777
astra_medium,persistent,expected,r008,a561a12e2075ee78__persistent__astra_medium__r008,0dfe6f786ad7dd9d__persistent__astra_medium__r008,replacement,1.0,1,0.6666666666666666,0.6666666666666666,0.9318181818181818,0.8823529411764706,77.72511848341232,75.94936708860759,64.44444444444444,65.33333333333333
luna_medium,persistent,expected,r002,a561a12e2075ee78__persistent__luna_medium__r002,0dfe6f786ad7dd9d__persistent__luna_medium__r002,original,1.0,0,0.6666666666666666,0.0,0.9797979797979798,0.0,79.34560327198363,0.0,54.22222222222223,0.0
luna_medium,persistent,expected,r003,a561a12e2075ee78__persistent__luna_medium__r003,0dfe6f786ad7dd9d__persistent__luna_medium__r003,original,0.0,0,0.1111111111111111,0.0,1.0,0.8253968253968254,20.0,0.0,11.11111111111111,0.0
luna_medium,persistent,expected,r004,a561a12e2075ee78__persistent__luna_medium__r004,0dfe6f786ad7dd9d__persistent__luna_medium__r004,original,1.0,1,0.6666666666666666,0.2222222222222222,0.9935483870967742,0.7888888888888889,79.79274611398962,34.676434676434674,45.333333333333336,55.11111111111111
luna_medium,persistent,expected,r006,a561a12e2075ee78__persistent__luna_medium__r006,0dfe6f786ad7dd9d__persistent__luna_medium__r006,original,1.0,0,0.4444444444444444,0.1111111111111111,0.963302752293578,0.9523809523809523,60.825488776249095,19.90049751243781,52.0,7.11111111111111
luna_medium,persistent,expected,r007,a561a12e2075ee78__persistent__luna_medium__r007,0dfe6f786ad7dd9d__persistent__luna_medium__r007,original,0.0,0,0.1111111111111111,0.0,1.0,,20.0,0.0,11.11111111111111,0.0
luna_medium,persistent,expected,r008,a561a12e2075ee78__persistent__luna_medium__r008,0dfe6f786ad7dd9d__persistent__luna_medium__r008,replacement,1.0,0,0.5555555555555555,0.0,0.9230769230769231,0.045454545454545456,69.36416184971097,0.0,60.88888888888889,0.0
qwen_3_8_27b,persistent,expected,r001,a561a12e2075ee78__persistent__qwen_3_8_27b__r001,0dfe6f786ad7dd9d__persistent__qwen_3_8_27b__r001,vllm_replacement,1.0,1,0.6666666666666666,0.6666666666666666,1.0,1.0,80.0,80.0,61.333333333333336,64.0
sol_medium,persistent,expected,r001,a561a12e2075ee78__persistent__sol_medium__r001,0dfe6f786ad7dd9d__persistent__sol_medium__r001,original,1.0,1,0.6666666666666666,0.6666666666666666,0.9849624060150376,0.9487179487179487,79.51441578148709,78.30687830687829,62.22222222222223,65.77777777777777
sol_medium,persistent,expected,r002,a561a12e2075ee78__persistent__sol_medium__r002,0dfe6f786ad7dd9d__persistent__sol_medium__r002,original,1.0,1,0.6666666666666666,0.6666666666666666,1.0,0.9411764705882353,80.0,78.04878048780486,64.44444444444444,66.22222222222223
sol_medium,persistent,expected,r003,a561a12e2075ee78__persistent__sol_medium__r003,0dfe6f786ad7dd9d__persistent__sol_medium__r003,replacement,1.0,1,0.6666666666666666,0.6666666666666666,0.9391891891891891,0.9791666666666666,77.98036465638148,79.32489451476793,62.22222222222223,65.77777777777777
sol_medium,persistent,expected,r004,a561a12e2075ee78__persistent__sol_medium__r004,0dfe6f786ad7dd9d__persistent__sol_medium__r004,original,1.0,1,0.6666666666666666,0.6666666666666666,0.9560439560439561,0.9714285714285714,78.55530474040631,79.06976744186045,62.22222222222223,66.22222222222223
sol_medium,persistent,expected,r005,a561a12e2075ee78__persistent__sol_medium__r005,0dfe6f786ad7dd9d__persistent__sol_medium__r005,original,1.0,1,0.6666666666666666,0.6666666666666666,0.9226519337016574,0.9322033898305084,77.40440324449594,77.73851590106005,55.55555555555556,65.33333333333333
sol_medium,persistent,expected,r006,a561a12e2075ee78__persistent__sol_medium__r006,0dfe6f786ad7dd9d__persistent__sol_medium__r006,original,1.0,1,0.6666666666666666,0.6666666666666666,0.9512195121951219,0.9558823529411765,78.39195979899496,78.54984894259817,63.11111111111111,65.77777777777777
sol_medium,persistent,expected,r007,a561a12e2075ee78__persistent__sol_medium__r007,0dfe6f786ad7dd9d__persistent__sol_medium__r007,original,1.0,1,0.6666666666666666,0.3333333333333333,1.0,0.9693877551020408,80.0,49.6083550913838,62.22222222222223,65.77777777777777
sol_medium,persistent,expected,r008,a561a12e2075ee78__persistent__sol_medium__r008,0dfe6f786ad7dd9d__persistent__sol_medium__r008,replacement,1.0,1,0.6666666666666666,0.6666666666666666,0.9320987654320988,0.9583333333333334,77.73487773487773,78.63247863247862,57.77777777777777,65.77777777777777
terra_medium,persistent,expected,r001,a561a12e2075ee78__persistent__terra_medium__r001,0dfe6f786ad7dd9d__persistent__terra_medium__r001,original,1.0,1,0.6666666666666666,0.3333333333333333,1.0,1.0,80.0,49.99999999999999,64.44444444444444,66.22222222222223
terra_medium,persistent,expected,r002,a561a12e2075ee78__persistent__terra_medium__r002,0dfe6f786ad7dd9d__persistent__terra_medium__r002,original,1.0,0,0.6666666666666666,0.1111111111111111,0.9850746268656716,1.0,79.5180722891566,20.0,57.77777777777777,2.6666666666666665
terra_medium,persistent,expected,r003,a561a12e2075ee78__persistent__terra_medium__r003,0dfe6f786ad7dd9d__persistent__terra_medium__r003,original,1.0,1,0.6666666666666666,0.6666666666666666,1.0,0.9583333333333334,80.0,78.63247863247862,64.8888888888889,66.22222222222223
terra_medium,persistent,expected,r004,a561a12e2075ee78__persistent__terra_medium__r004,0dfe6f786ad7dd9d__persistent__terra_medium__r004,original,1.0,1,0.6666666666666666,0.6666666666666666,0.9833333333333333,0.9166666666666666,79.46127946127945,77.19298245614034,59.55555555555556,66.22222222222223
terra_medium,persistent,expected,r005,a561a12e2075ee78__persistent__terra_medium__r005,0dfe6f786ad7dd9d__persistent__terra_medium__r005,original,1.0,1,0.6666666666666666,0.3333333333333333,0.9565217391304348,0.9423076923076923,78.57142857142856,49.246231155778894,64.8888888888889,64.0
terra_medium,persistent,expected,r006,a561a12e2075ee78__persistent__terra_medium__r006,0dfe6f786ad7dd9d__persistent__terra_medium__r006,original,1.0,1,0.6666666666666666,0.6666666666666666,0.98,1.0,79.35222672064778,80.0,64.8888888888889,64.0
terra_medium,persistent,expected,r007,a561a12e2075ee78__persistent__terra_medium__r007,0dfe6f786ad7dd9d__persistent__terra_medium__r007,replacement,1.0,1,0.6666666666666666,0.3333333333333333,1.0,1.0,80.0,49.99999999999999,63.11111111111111,65.77777777777777
terra_medium,persistent,expected,r008,a561a12e2075ee78__persistent__terra_medium__r008,0dfe6f786ad7dd9d__persistent__terra_medium__r008,replacement,1.0,1,0.6666666666666666,0.6666666666666666,0.9705882352941176,1.0,79.04191616766465,80.0,64.44444444444444,66.66666666666667
astra_medium,sequential,expected,r001,a561a12e2075ee78__sequential__astra_medium__r001,0dfe6f786ad7dd9d__sequential__astra_medium__r001,original,1.0,1,0.6666666666666666,0.3333333333333333,0.9090909090909091,1.0,76.9230769230769,49.99999999999999,64.0,65.33333333333333
astra_medium,sequential,expected,r002,a561a12e2075ee78__sequential__astra_medium__r002,0dfe6f786ad7dd9d__sequential__astra_medium__r002,original,1.0,1,0.8333333333333334,0.6666666666666666,0.9629629629629629,0.9019607843137255,89.3470790378007,76.66666666666666,74.44444444444444,65.77777777777777
astra_medium,sequential,expected,r003,a561a12e2075ee78__sequential__astra_medium__r003,0dfe6f786ad7dd9d__sequential__astra_medium__r003,original,1.0,1,0.8333333333333334,0.6666666666666666,0.9710144927536232,0.975,89.69210174029452,79.18781725888323,64.8888888888889,65.33333333333333
astra_medium,sequential,expected,r004,a561a12e2075ee78__sequential__astra_medium__r004,0dfe6f786ad7dd9d__sequential__astra_medium__r004,original,1.0,1,0.6666666666666666,0.6666666666666666,0.9736842105263158,1.0,79.14438502673796,80.0,63.55555555555556,65.77777777777777
astra_medium,sequential,expected,r005,a561a12e2075ee78__sequential__astra_medium__r005,0dfe6f786ad7dd9d__sequential__astra_medium__r005,original,1.0,1,0.8333333333333334,0.6666666666666666,0.9041095890410958,0.975609756097561,86.72798948751642,79.20792079207921,70.66666666666667,65.77777777777777
astra_medium,sequential,expected,r006,a561a12e2075ee78__sequential__astra_medium__r006,0dfe6f786ad7dd9d__sequential__astra_medium__r006,original,1.0,1,0.6666666666666666,0.6666666666666666,0.9759036144578314,0.9836065573770492,79.21760391198043,79.47019867549668,64.44444444444444,65.33333333333333
astra_medium,sequential,expected,r008,a561a12e2075ee78__sequential__astra_medium__r008,0dfe6f786ad7dd9d__sequential__astra_medium__r008,replacement,1.0,1,0.6666666666666666,0.6666666666666666,0.9454545454545454,1.0,78.1954887218045,80.0,64.0,65.77777777777777
luna_medium,sequential,expected,r002,a561a12e2075ee78__sequential__luna_medium__r002,0dfe6f786ad7dd9d__sequential__luna_medium__r002,original,1.0,0,0.2222222222222222,0.0,0.7066666666666667,0.8811881188118812,33.81180223285486,0.0,57.77777777777777,0.0
luna_medium,sequential,expected,r003,a561a12e2075ee78__sequential__luna_medium__r003,0dfe6f786ad7dd9d__sequential__luna_medium__r003,replacement,1.0,0,0.6666666666666666,0.0,0.8428571428571429,0.8375,74.44794952681387,0.0,51.11111111111111,44.44444444444444
luna_medium,sequential,expected,r004,a561a12e2075ee78__sequential__luna_medium__r004,0dfe6f786ad7dd9d__sequential__luna_medium__r004,original,0.0,0,0.3333333333333333,0.0,0.9333333333333333,0.8961038961038961,49.122807017543856,0.0,52.44444444444444,33.333333333333336
luna_medium,sequential,expected,r005,a561a12e2075ee78__sequential__luna_medium__r005,0dfe6f786ad7dd9d__sequential__luna_medium__r005,original,0.0,0,0.4444444444444444,0.0,0.8867924528301887,,59.21259842519685,0.0,43.11111111111111,0.0
luna_medium,sequential,expected,r006,a561a12e2075ee78__sequential__luna_medium__r006,0dfe6f786ad7dd9d__sequential__luna_medium__r006,original,1.0,0,0.5555555555555555,0.0,0.8314606741573034,0.8611111111111112,66.60666066606659,0.0,57.77777777777777,0.0
luna_medium,sequential,expected,r007,a561a12e2075ee78__sequential__luna_medium__r007,0dfe6f786ad7dd9d__sequential__luna_medium__r007,original,1.0,0,0.6666666666666666,0.0,1.0,0.4888888888888889,80.0,0.0,35.55555555555555,0.0
luna_medium,sequential,expected,r008,a561a12e2075ee78__sequential__luna_medium__r008,0dfe6f786ad7dd9d__sequential__luna_medium__r008,replacement,1.0,1,0.5555555555555555,0.2222222222222222,1.0,0.4375,71.42857142857143,29.473684210526315,61.333333333333336,53.77777777777777
qwen_3_8_27b,sequential,expected,r001,a561a12e2075ee78__sequential__qwen_3_8_27b__r001,0dfe6f786ad7dd9d__sequential__qwen_3_8_27b__r001,vllm_replacement,1.0,1,0.3333333333333333,0.3333333333333333,1.0,1.0,49.99999999999999,49.99999999999999,60.88888888888889,64.0
sol_medium,sequential,expected,r001,a561a12e2075ee78__sequential__sol_medium__r001,0dfe6f786ad7dd9d__sequential__sol_medium__r001,original,1.0,1,0.6666666666666666,0.6666666666666666,0.9776536312849162,0.9557522123893806,79.27519818799544,78.54545454545453,61.333333333333336,65.77777777777777
sol_medium,sequential,expected,r002,a561a12e2075ee78__sequential__sol_medium__r002,0dfe6f786ad7dd9d__sequential__sol_medium__r002,original,1.0,1,0.6666666666666666,0.6666666666666666,0.8455284552845529,0.9775280898876404,74.55197132616486,79.27107061503416,60.0,66.22222222222223
sol_medium,sequential,expected,r003,a561a12e2075ee78__sequential__sol_medium__r003,0dfe6f786ad7dd9d__sequential__sol_medium__r003,replacement,1.0,1,0.6666666666666666,0.6666666666666666,0.9230769230769231,0.8775510204081632,77.41935483870967,75.77092511013215,62.22222222222223,66.22222222222223
sol_medium,sequential,expected,r004,a561a12e2075ee78__sequential__sol_medium__r004,0dfe6f786ad7dd9d__sequential__sol_medium__r004,original,1.0,1,0.6666666666666666,0.6666666666666666,0.9724137931034482,0.9326923076923077,79.1023842917251,77.75551102204408,62.22222222222223,66.66666666666667
sol_medium,sequential,expected,r005,a561a12e2075ee78__sequential__sol_medium__r005,0dfe6f786ad7dd9d__sequential__sol_medium__r005,replacement,1.0,1,0.6666666666666666,0.6666666666666666,0.95,0.9313725490196079,78.3505154639175,77.70961145194272,62.22222222222223,65.33333333333333
sol_medium,sequential,expected,r006,a561a12e2075ee78__sequential__sol_medium__r006,0dfe6f786ad7dd9d__sequential__sol_medium__r006,replacement,1.0,1,0.6666666666666666,0.6666666666666666,0.9593023255813954,0.9663865546218487,78.66507747318235,78.90222984562607,57.77777777777777,66.22222222222223
sol_medium,sequential,expected,r007,a561a12e2075ee78__sequential__sol_medium__r007,0dfe6f786ad7dd9d__sequential__sol_medium__r007,replacement,1.0,0,0.6666666666666666,0.1111111111111111,0.9375,0.9148936170212766,77.92207792207792,19.81566820276498,63.55555555555556,9.777777777777777
terra_medium,sequential,expected,r001,a561a12e2075ee78__sequential__terra_medium__r001,0dfe6f786ad7dd9d__sequential__terra_medium__r001,original,1.0,1,0.6666666666666666,0.6666666666666666,1.0,1.0,80.0,80.0,62.22222222222223,62.22222222222223
terra_medium,sequential,expected,r002,a561a12e2075ee78__sequential__terra_medium__r002,0dfe6f786ad7dd9d__sequential__terra_medium__r002,original,1.0,1,0.6666666666666666,0.3333333333333333,1.0,0.9117647058823529,80.0,48.81889763779527,64.44444444444444,66.66666666666667
terra_medium,sequential,expected,r004,a561a12e2075ee78__sequential__terra_medium__r004,0dfe6f786ad7dd9d__sequential__terra_medium__r004,original,1.0,1,0.6666666666666666,0.6666666666666666,1.0,0.9666666666666667,80.0,78.91156462585035,64.8888888888889,66.66666666666667
terra_medium,sequential,expected,r005,a561a12e2075ee78__sequential__terra_medium__r005,0dfe6f786ad7dd9d__sequential__terra_medium__r005,original,1.0,1,0.6666666666666666,0.3333333333333333,1.0,0.8823529411764706,80.0,48.387096774193544,61.333333333333336,65.77777777777777
terra_medium,sequential,expected,r006,a561a12e2075ee78__sequential__terra_medium__r006,0dfe6f786ad7dd9d__sequential__terra_medium__r006,original,1.0,1,0.6666666666666666,0.2222222222222222,1.0,0.868421052631579,80.0,35.3887399463807,57.77777777777777,65.77777777777777
terra_medium,sequential,expected,r007,a561a12e2075ee78__sequential__terra_medium__r007,0dfe6f786ad7dd9d__sequential__terra_medium__r007,original,1.0,1,0.6666666666666666,0.6666666666666666,1.0,1.0,80.0,80.0,64.8888888888889,64.8888888888889
terra_medium,sequential,expected,r008,a561a12e2075ee78__sequential__terra_medium__r008,0dfe6f786ad7dd9d__sequential__terra_medium__r008,replacement,1.0,1,0.6666666666666666,0.6666666666666666,1.0,0.9354838709677419,80.0,77.85234899328857,56.0,63.55555555555556
